date,time,pm25,temperature,humidity,pressure,uv,raw,weather_label
29/04/2026,0:00:01,33,27.13,71.59,1005.31,0,"PM25=33,T=27.13,H=71.59,P=1005.31,UV=0.00,TIME=00:00:01,DATE=29/04/2026",normal
29/04/2026,0:02:01,32,26.82,72.44,1005.2,0,"PM25=32,T=26.82,H=72.44,P=1005.20,UV=0.00,TIME=00:02:01,DATE=29/04/2026",normal
29/04/2026,0:04:02,33,26.61,73.28,1005.2,0,"PM25=33,T=26.61,H=73.28,P=1005.20,UV=0.00,TIME=00:04:02,DATE=29/04/2026",normal
29/04/2026,0:06:03,35,26.58,73.54,1005.25,0,"PM25=35,T=26.58,H=73.54,P=1005.25,UV=0.00,TIME=00:06:03,DATE=29/04/2026",normal
29/04/2026,0:08:03,35,26.42,73.97,1005.3,0,"PM25=35,T=26.42,H=73.97,P=1005.30,UV=0.00,TIME=00:08:03,DATE=29/04/2026",normal
29/04/2026,0:10:04,32,26.46,73.86,1005.3,0,"PM25=32,T=26.46,H=73.86,P=1005.30,UV=0.00,TIME=00:10:04,DATE=29/04/2026",normal
29/04/2026,0:12:04,31,26.42,73.96,1005.18,0,"PM25=31,T=26.42,H=73.96,P=1005.18,UV=0.00,TIME=00:12:04,DATE=29/04/2026",normal
29/04/2026,0:14:05,32,26.53,73.6,1005.21,0,"PM25=32,T=26.53,H=73.60,P=1005.21,UV=0.00,TIME=00:14:05,DATE=29/04/2026",normal
29/04/2026,0:16:05,32,26.46,74.01,1005.17,0,"PM25=32,T=26.46,H=74.01,P=1005.17,UV=0.00,TIME=00:16:05,DATE=29/04/2026",normal
29/04/2026,0:18:06,28,26.51,73.83,1005.12,0,"PM25=28,T=26.51,H=73.83,P=1005.12,UV=0.00,TIME=00:18:06,DATE=29/04/2026",normal
29/04/2026,0:20:07,31,26.62,73.62,1005.15,0,"PM25=31,T=26.62,H=73.62,P=1005.15,UV=0.00,TIME=00:20:07,DATE=29/04/2026",normal
29/04/2026,0:22:07,28,26.63,73.37,1005.05,0,"PM25=28,T=26.63,H=73.37,P=1005.05,UV=0.00,TIME=00:22:07,DATE=29/04/2026",normal
29/04/2026,0:24:08,29,26.57,73.71,1005,0,"PM25=29,T=26.57,H=73.71,P=1005.00,UV=0.00,TIME=00:24:08,DATE=29/04/2026",normal
29/04/2026,0:26:08,32,26.5,73.79,1005,0,"PM25=32,T=26.50,H=73.79,P=1005.00,UV=0.00,TIME=00:26:08,DATE=29/04/2026",normal
29/04/2026,0:28:09,32,26.5,73.97,1005.06,0,"PM25=32,T=26.50,H=73.97,P=1005.06,UV=0.00,TIME=00:28:09,DATE=29/04/2026",normal
29/04/2026,0:30:09,33,26.65,73.41,1005.04,0,"PM25=33,T=26.65,H=73.41,P=1005.04,UV=0.00,TIME=00:30:09,DATE=29/04/2026",normal
29/04/2026,0:32:10,33,26.71,73.46,1005.01,0,"PM25=33,T=26.71,H=73.46,P=1005.01,UV=0.00,TIME=00:32:10,DATE=29/04/2026",normal
29/04/2026,0:34:11,32,26.62,74.05,1004.9,0,"PM25=32,T=26.62,H=74.05,P=1004.90,UV=0.00,TIME=00:34:11,DATE=29/04/2026",normal
29/04/2026,0:36:11,33,26.45,74.62,1004.83,0,"PM25=33,T=26.45,H=74.62,P=1004.83,UV=0.00,TIME=00:36:11,DATE=29/04/2026",normal
29/04/2026,0:38:12,34,26.28,75.4,1004.78,0,"PM25=34,T=26.28,H=75.40,P=1004.78,UV=0.00,TIME=00:38:12,DATE=29/04/2026",normal
29/04/2026,0:40:12,32,26.63,74.43,1004.76,0,"PM25=32,T=26.63,H=74.43,P=1004.76,UV=0.00,TIME=00:40:12,DATE=29/04/2026",normal
29/04/2026,0:42:13,33,26.55,74.6,1004.76,0,"PM25=33,T=26.55,H=74.60,P=1004.76,UV=0.00,TIME=00:42:13,DATE=29/04/2026",normal
29/04/2026,0:44:13,36,26.54,74.52,1004.78,0,"PM25=36,T=26.54,H=74.52,P=1004.78,UV=0.00,TIME=00:44:13,DATE=29/04/2026",normal
29/04/2026,0:46:14,33,26.39,75.18,1004.76,0,"PM25=33,T=26.39,H=75.18,P=1004.76,UV=0.00,TIME=00:46:14,DATE=29/04/2026",normal
29/04/2026,0:48:15,32,26.37,75.42,1004.72,0,"PM25=32,T=26.37,H=75.42,P=1004.72,UV=0.00,TIME=00:48:15,DATE=29/04/2026",normal
29/04/2026,0:50:15,34,26.42,75.43,1004.66,0,"PM25=34,T=26.42,H=75.43,P=1004.66,UV=0.00,TIME=00:50:15,DATE=29/04/2026",normal
29/04/2026,0:52:16,31,26.41,75.54,1004.69,0,"PM25=31,T=26.41,H=75.54,P=1004.69,UV=0.00,TIME=00:52:16,DATE=29/04/2026",normal
29/04/2026,0:54:16,30,26.39,75.68,1004.63,0,"PM25=30,T=26.39,H=75.68,P=1004.63,UV=0.00,TIME=00:54:16,DATE=29/04/2026",normal
29/04/2026,0:56:17,32,26.48,75.4,1004.66,0,"PM25=32,T=26.48,H=75.40,P=1004.66,UV=0.00,TIME=00:56:17,DATE=29/04/2026",normal
29/04/2026,0:58:17,32,26.5,75.15,1004.64,0,"PM25=32,T=26.50,H=75.15,P=1004.64,UV=0.00,TIME=00:58:17,DATE=29/04/2026",normal
29/04/2026,1:00:18,33,26.65,75.2,1004.63,0,"PM25=33,T=26.65,H=75.20,P=1004.63,UV=0.00,TIME=01:00:18,DATE=29/04/2026",normal
29/04/2026,1:02:19,33,26.73,74.81,1004.55,0,"PM25=33,T=26.73,H=74.81,P=1004.55,UV=0.00,TIME=01:02:19,DATE=29/04/2026",normal
29/04/2026,1:04:19,34,26.77,74.66,1004.54,0,"PM25=34,T=26.77,H=74.66,P=1004.54,UV=0.00,TIME=01:04:19,DATE=29/04/2026",normal
29/04/2026,1:06:20,31,26.64,75.5,1004.48,0,"PM25=31,T=26.64,H=75.50,P=1004.48,UV=0.00,TIME=01:06:20,DATE=29/04/2026",normal
29/04/2026,1:08:20,32,26.65,75.38,1004.44,0,"PM25=32,T=26.65,H=75.38,P=1004.44,UV=0.00,TIME=01:08:20,DATE=29/04/2026",normal
29/04/2026,1:10:21,36,26.68,75.36,1004.4,0,"PM25=36,T=26.68,H=75.36,P=1004.40,UV=0.00,TIME=01:10:21,DATE=29/04/2026",normal
29/04/2026,1:12:21,31,26.33,76.54,1004.41,0,"PM25=31,T=26.33,H=76.54,P=1004.41,UV=0.00,TIME=01:12:21,DATE=29/04/2026",normal
29/04/2026,1:14:22,32,26.33,76.56,1004.37,0,"PM25=32,T=26.33,H=76.56,P=1004.37,UV=0.00,TIME=01:14:22,DATE=29/04/2026",normal
29/04/2026,1:16:23,33,26.5,75.9,1004.35,0,"PM25=33,T=26.50,H=75.90,P=1004.35,UV=0.00,TIME=01:16:23,DATE=29/04/2026",normal
29/04/2026,1:18:23,34,26.66,75.78,1004.36,0,"PM25=34,T=26.66,H=75.78,P=1004.36,UV=0.00,TIME=01:18:23,DATE=29/04/2026",normal
29/04/2026,1:20:24,36,26.89,75.23,1004.4,0,"PM25=36,T=26.89,H=75.23,P=1004.40,UV=0.00,TIME=01:20:24,DATE=29/04/2026",normal
29/04/2026,1:22:24,32,26.53,76.47,1004.49,0,"PM25=32,T=26.53,H=76.47,P=1004.49,UV=0.00,TIME=01:22:24,DATE=29/04/2026",normal
29/04/2026,1:24:25,31,26.58,76.28,1004.54,0,"PM25=31,T=26.58,H=76.28,P=1004.54,UV=0.00,TIME=01:24:25,DATE=29/04/2026",normal
29/04/2026,1:26:25,33,26.66,76.23,1004.55,0,"PM25=33,T=26.66,H=76.23,P=1004.55,UV=0.00,TIME=01:26:25,DATE=29/04/2026",normal
29/04/2026,1:28:26,29,26.71,76.21,1004.62,0,"PM25=29,T=26.71,H=76.21,P=1004.62,UV=0.00,TIME=01:28:26,DATE=29/04/2026",normal
29/04/2026,1:30:27,33,26.74,76.65,1004.63,0,"PM25=33,T=26.74,H=76.65,P=1004.63,UV=0.00,TIME=01:30:27,DATE=29/04/2026",normal
29/04/2026,1:32:27,33,26.66,77.07,1004.63,0,"PM25=33,T=26.66,H=77.07,P=1004.63,UV=0.00,TIME=01:32:27,DATE=29/04/2026",normal
29/04/2026,1:34:28,34,26.57,77.13,1004.63,0,"PM25=34,T=26.57,H=77.13,P=1004.63,UV=0.00,TIME=01:34:28,DATE=29/04/2026",normal
29/04/2026,1:36:28,34,26.47,77.64,1004.64,0,"PM25=34,T=26.47,H=77.64,P=1004.64,UV=0.00,TIME=01:36:28,DATE=29/04/2026",normal
29/04/2026,1:38:29,32,26.52,77.74,1004.74,0,"PM25=32,T=26.52,H=77.74,P=1004.74,UV=0.00,TIME=01:38:29,DATE=29/04/2026",normal
29/04/2026,1:40:29,30,26.65,77.45,1004.77,0,"PM25=30,T=26.65,H=77.45,P=1004.77,UV=0.00,TIME=01:40:29,DATE=29/04/2026",normal
29/04/2026,1:42:30,31,26.6,77.72,1004.76,0,"PM25=31,T=26.60,H=77.72,P=1004.76,UV=0.00,TIME=01:42:30,DATE=29/04/2026",normal
29/04/2026,1:44:31,34,26.54,78.15,1004.73,0,"PM25=34,T=26.54,H=78.15,P=1004.73,UV=0.00,TIME=01:44:31,DATE=29/04/2026",normal
29/04/2026,1:46:31,39,26.51,78.45,1004.69,0,"PM25=39,T=26.51,H=78.45,P=1004.69,UV=0.00,TIME=01:46:31,DATE=29/04/2026",normal
29/04/2026,1:48:32,44,26.59,78.12,1004.77,0,"PM25=44,T=26.59,H=78.12,P=1004.77,UV=0.00,TIME=01:48:32,DATE=29/04/2026",normal
29/04/2026,1:50:32,39,26.67,77.96,1004.79,0,"PM25=39,T=26.67,H=77.96,P=1004.79,UV=0.00,TIME=01:50:32,DATE=29/04/2026",normal
29/04/2026,1:52:33,40,26.68,77.98,1004.78,0,"PM25=40,T=26.68,H=77.98,P=1004.78,UV=0.00,TIME=01:52:33,DATE=29/04/2026",normal
29/04/2026,1:54:33,39,26.72,77.95,1004.79,0,"PM25=39,T=26.72,H=77.95,P=1004.79,UV=0.00,TIME=01:54:33,DATE=29/04/2026",normal
29/04/2026,1:56:34,39,26.65,78.43,1004.76,0,"PM25=39,T=26.65,H=78.43,P=1004.76,UV=0.00,TIME=01:56:34,DATE=29/04/2026",normal
29/04/2026,1:58:35,37,26.45,79.22,1004.74,0,"PM25=37,T=26.45,H=79.22,P=1004.74,UV=0.00,TIME=01:58:35,DATE=29/04/2026",normal
29/04/2026,2:00:35,37,26.8,78.14,1004.69,0,"PM25=37,T=26.80,H=78.14,P=1004.69,UV=0.00,TIME=02:00:35,DATE=29/04/2026",normal
29/04/2026,2:02:36,37,26.81,78.24,1004.71,0,"PM25=37,T=26.81,H=78.24,P=1004.71,UV=0.00,TIME=02:02:36,DATE=29/04/2026",normal
29/04/2026,2:04:36,39,26.83,78.21,1004.74,0,"PM25=39,T=26.83,H=78.21,P=1004.74,UV=0.00,TIME=02:04:36,DATE=29/04/2026",normal
29/04/2026,2:06:37,46,26.68,78.67,1004.82,0,"PM25=46,T=26.68,H=78.67,P=1004.82,UV=0.00,TIME=02:06:37,DATE=29/04/2026",normal
29/04/2026,2:08:37,45,26.63,78.84,1004.87,0,"PM25=45,T=26.63,H=78.84,P=1004.87,UV=0.00,TIME=02:08:37,DATE=29/04/2026",normal
29/04/2026,2:10:38,42,26.83,78.01,1005.01,0,"PM25=42,T=26.83,H=78.01,P=1005.01,UV=0.00,TIME=02:10:38,DATE=29/04/2026",normal
29/04/2026,2:12:39,46,26.57,79,1005.09,0,"PM25=46,T=26.57,H=79.00,P=1005.09,UV=0.00,TIME=02:12:39,DATE=29/04/2026",normal
29/04/2026,2:14:39,43,26.62,79.01,1005.15,0,"PM25=43,T=26.62,H=79.01,P=1005.15,UV=0.00,TIME=02:14:39,DATE=29/04/2026",normal
29/04/2026,2:16:40,45,26.67,78.74,1005.12,0,"PM25=45,T=26.67,H=78.74,P=1005.12,UV=0.00,TIME=02:16:40,DATE=29/04/2026",normal
29/04/2026,2:18:40,42,26.64,78.74,1005.15,0,"PM25=42,T=26.64,H=78.74,P=1005.15,UV=0.00,TIME=02:18:40,DATE=29/04/2026",normal
29/04/2026,2:20:41,41,26.89,77.94,1005.22,0,"PM25=41,T=26.89,H=77.94,P=1005.22,UV=0.00,TIME=02:20:41,DATE=29/04/2026",normal
29/04/2026,2:22:41,40,26.95,77.91,1005.33,0,"PM25=40,T=26.95,H=77.91,P=1005.33,UV=0.00,TIME=02:22:41,DATE=29/04/2026",normal
29/04/2026,2:24:42,40,26.86,78.21,1005.4,0,"PM25=40,T=26.86,H=78.21,P=1005.40,UV=0.00,TIME=02:24:42,DATE=29/04/2026",normal
29/04/2026,2:26:43,39,26.61,79.06,1005.42,0,"PM25=39,T=26.61,H=79.06,P=1005.42,UV=0.00,TIME=02:26:43,DATE=29/04/2026",normal
29/04/2026,2:28:43,40,26.49,79.64,1005.49,0,"PM25=40,T=26.49,H=79.64,P=1005.49,UV=0.00,TIME=02:28:43,DATE=29/04/2026",normal
29/04/2026,2:30:44,39,26.45,79.96,1005.57,0,"PM25=39,T=26.45,H=79.96,P=1005.57,UV=0.00,TIME=02:30:44,DATE=29/04/2026",normal
29/04/2026,2:32:44,40,26.49,80.08,1005.71,0,"PM25=40,T=26.49,H=80.08,P=1005.71,UV=0.00,TIME=02:32:44,DATE=29/04/2026",normal
29/04/2026,2:34:45,44,26.62,79.87,1005.88,0,"PM25=44,T=26.62,H=79.87,P=1005.88,UV=0.00,TIME=02:34:45,DATE=29/04/2026",normal
29/04/2026,2:36:45,43,26.61,79.96,1005.92,0,"PM25=43,T=26.61,H=79.96,P=1005.92,UV=0.00,TIME=02:36:45,DATE=29/04/2026",normal
29/04/2026,2:38:46,41,26.66,80.1,1005.98,0,"PM25=41,T=26.66,H=80.10,P=1005.98,UV=0.00,TIME=02:38:46,DATE=29/04/2026",normal
29/04/2026,2:40:47,41,26.84,79.6,1006.09,0,"PM25=41,T=26.84,H=79.60,P=1006.09,UV=0.00,TIME=02:40:47,DATE=29/04/2026",normal
29/04/2026,2:42:47,47,26.43,81.24,1006.22,0,"PM25=47,T=26.43,H=81.24,P=1006.22,UV=0.00,TIME=02:42:47,DATE=29/04/2026",normal
29/04/2026,2:44:48,43,26.75,80.48,1006.2,0,"PM25=43,T=26.75,H=80.48,P=1006.20,UV=0.00,TIME=02:44:48,DATE=29/04/2026",normal
29/04/2026,2:46:48,45,26.66,80.83,1006.17,0,"PM25=45,T=26.66,H=80.83,P=1006.17,UV=0.00,TIME=02:46:48,DATE=29/04/2026",normal
29/04/2026,2:48:49,46,26.62,81.27,1006.15,0,"PM25=46,T=26.62,H=81.27,P=1006.15,UV=0.00,TIME=02:48:49,DATE=29/04/2026",normal
29/04/2026,2:50:49,45,26.71,81.05,1006.12,0,"PM25=45,T=26.71,H=81.05,P=1006.12,UV=0.00,TIME=02:50:49,DATE=29/04/2026",normal
29/04/2026,2:52:50,46,26.8,80.88,1006.06,0,"PM25=46,T=26.80,H=80.88,P=1006.06,UV=0.00,TIME=02:52:50,DATE=29/04/2026",normal
29/04/2026,2:54:51,48,26.67,81.45,1006.02,0,"PM25=48,T=26.67,H=81.45,P=1006.02,UV=0.00,TIME=02:54:51,DATE=29/04/2026",normal
29/04/2026,2:56:51,49,26.82,81.13,1006.01,0,"PM25=49,T=26.82,H=81.13,P=1006.01,UV=0.00,TIME=02:56:51,DATE=29/04/2026",normal
29/04/2026,2:58:52,46,26.9,81.13,1006.05,0,"PM25=46,T=26.90,H=81.13,P=1006.05,UV=0.00,TIME=02:58:52,DATE=29/04/2026",normal
29/04/2026,3:00:52,50,26.83,81.48,1006.1,0,"PM25=50,T=26.83,H=81.48,P=1006.10,UV=0.00,TIME=03:00:52,DATE=29/04/2026",normal
29/04/2026,3:02:53,53,26.82,81.75,1006.09,0,"PM25=53,T=26.82,H=81.75,P=1006.09,UV=0.00,TIME=03:02:53,DATE=29/04/2026",normal
29/04/2026,3:04:53,50,26.91,81.57,1006.08,0,"PM25=50,T=26.91,H=81.57,P=1006.08,UV=0.00,TIME=03:04:53,DATE=29/04/2026",normal
29/04/2026,3:06:54,52,26.95,81.83,1006.14,0,"PM25=52,T=26.95,H=81.83,P=1006.14,UV=0.00,TIME=03:06:54,DATE=29/04/2026",normal
29/04/2026,3:08:55,55,26.93,82.03,1006.23,0,"PM25=55,T=26.93,H=82.03,P=1006.23,UV=0.00,TIME=03:08:55,DATE=29/04/2026",normal
29/04/2026,3:10:55,57,26.98,82.73,1006.25,0,"PM25=57,T=26.98,H=82.73,P=1006.25,UV=0.00,TIME=03:10:55,DATE=29/04/2026",normal
29/04/2026,3:12:56,63,26.92,83.55,1006.3,0,"PM25=63,T=26.92,H=83.55,P=1006.30,UV=0.00,TIME=03:12:56,DATE=29/04/2026",normal
29/04/2026,3:14:56,58,26.9,84.25,1006.36,0,"PM25=58,T=26.90,H=84.25,P=1006.36,UV=0.00,TIME=03:14:56,DATE=29/04/2026",normal
29/04/2026,3:16:57,55,27.05,83.32,1006.36,0,"PM25=55,T=27.05,H=83.32,P=1006.36,UV=0.00,TIME=03:16:57,DATE=29/04/2026",normal
29/04/2026,3:18:57,52,27.22,82.82,1006.34,0,"PM25=52,T=27.22,H=82.82,P=1006.34,UV=0.00,TIME=03:18:57,DATE=29/04/2026",normal
29/04/2026,3:20:58,52,27.09,84.06,1006.39,0,"PM25=52,T=27.09,H=84.06,P=1006.39,UV=0.00,TIME=03:20:58,DATE=29/04/2026",normal
29/04/2026,3:22:59,54,26.96,85.49,1006.41,0,"PM25=54,T=26.96,H=85.49,P=1006.41,UV=0.00,TIME=03:22:59,DATE=29/04/2026",normal
29/04/2026,3:24:59,56,26.95,86.17,1006.43,0,"PM25=56,T=26.95,H=86.17,P=1006.43,UV=0.00,TIME=03:24:59,DATE=29/04/2026",normal
29/04/2026,3:27:00,55,26.95,86.23,1006.4,0,"PM25=55,T=26.95,H=86.23,P=1006.40,UV=0.00,TIME=03:27:00,DATE=29/04/2026",normal
29/04/2026,3:29:00,62,26.96,86.77,1006.43,0,"PM25=62,T=26.96,H=86.77,P=1006.43,UV=0.00,TIME=03:29:00,DATE=29/04/2026",normal
29/04/2026,3:31:01,62,26.94,87.02,1006.45,0,"PM25=62,T=26.94,H=87.02,P=1006.45,UV=0.00,TIME=03:31:01,DATE=29/04/2026",normal
29/04/2026,3:33:01,54,27.08,86.55,1006.5,0,"PM25=54,T=27.08,H=86.55,P=1006.50,UV=0.00,TIME=03:33:01,DATE=29/04/2026",normal
29/04/2026,3:35:02,64,26.94,87.46,1006.51,0,"PM25=64,T=26.94,H=87.46,P=1006.51,UV=0.00,TIME=03:35:02,DATE=29/04/2026",normal
29/04/2026,3:37:03,63,26.99,87.53,1006.55,0,"PM25=63,T=26.99,H=87.53,P=1006.55,UV=0.00,TIME=03:37:03,DATE=29/04/2026",normal
29/04/2026,3:39:03,57,27.09,86.87,1006.57,0,"PM25=57,T=27.09,H=86.87,P=1006.57,UV=0.00,TIME=03:39:03,DATE=29/04/2026",normal
29/04/2026,3:41:04,58,27,87.57,1006.64,0,"PM25=58,T=27.00,H=87.57,P=1006.64,UV=0.00,TIME=03:41:04,DATE=29/04/2026",normal
29/04/2026,3:43:04,55,26.82,88.63,1006.64,0,"PM25=55,T=26.82,H=88.63,P=1006.64,UV=0.00,TIME=03:43:04,DATE=29/04/2026",normal
29/04/2026,3:45:05,67,27.08,87.51,1006.7,0,"PM25=67,T=27.08,H=87.51,P=1006.70,UV=0.00,TIME=03:45:05,DATE=29/04/2026",normal
29/04/2026,3:47:05,58,27.07,87.53,1006.76,0,"PM25=58,T=27.07,H=87.53,P=1006.76,UV=0.00,TIME=03:47:05,DATE=29/04/2026",normal
29/04/2026,3:49:06,64,27.24,86.92,1006.81,0,"PM25=64,T=27.24,H=86.92,P=1006.81,UV=0.00,TIME=03:49:06,DATE=29/04/2026",normal
29/04/2026,3:51:07,59,27.22,87.34,1006.83,0,"PM25=59,T=27.22,H=87.34,P=1006.83,UV=0.00,TIME=03:51:07,DATE=29/04/2026",normal
29/04/2026,3:53:07,62,27.23,87.38,1006.91,0,"PM25=62,T=27.23,H=87.38,P=1006.91,UV=0.00,TIME=03:53:07,DATE=29/04/2026",normal
29/04/2026,3:55:08,57,27.39,86.46,1006.93,0,"PM25=57,T=27.39,H=86.46,P=1006.93,UV=0.00,TIME=03:55:08,DATE=29/04/2026",normal
29/04/2026,3:57:08,56,27.42,86.54,1006.99,0,"PM25=56,T=27.42,H=86.54,P=1006.99,UV=0.00,TIME=03:57:08,DATE=29/04/2026",normal
29/04/2026,3:59:09,65,27.06,87.96,1007,0,"PM25=65,T=27.06,H=87.96,P=1007.00,UV=0.00,TIME=03:59:09,DATE=29/04/2026",normal
29/04/2026,4:01:09,64,27.29,87.31,1007,0,"PM25=64,T=27.29,H=87.31,P=1007.00,UV=0.00,TIME=04:01:09,DATE=29/04/2026",normal
29/04/2026,4:03:10,65,27.09,88.11,1007,0,"PM25=65,T=27.09,H=88.11,P=1007.00,UV=0.00,TIME=04:03:10,DATE=29/04/2026",normal
29/04/2026,4:05:11,62,27.24,87.46,1006.99,0,"PM25=62,T=27.24,H=87.46,P=1006.99,UV=0.00,TIME=04:05:11,DATE=29/04/2026",normal
29/04/2026,4:07:11,61,27.26,87.57,1006.99,0,"PM25=61,T=27.26,H=87.57,P=1006.99,UV=0.00,TIME=04:07:11,DATE=29/04/2026",normal
29/04/2026,4:09:12,63,27.12,88.04,1006.97,0,"PM25=63,T=27.12,H=88.04,P=1006.97,UV=0.00,TIME=04:09:12,DATE=29/04/2026",normal
29/04/2026,4:11:12,58,26.98,88.56,1007.04,0,"PM25=58,T=26.98,H=88.56,P=1007.04,UV=0.00,TIME=04:11:12,DATE=29/04/2026",normal
29/04/2026,4:13:13,57,27.17,87.97,1007.02,0,"PM25=57,T=27.17,H=87.97,P=1007.02,UV=0.00,TIME=04:13:13,DATE=29/04/2026",normal
29/04/2026,4:15:13,61,27.18,87.89,1007.01,0,"PM25=61,T=27.18,H=87.89,P=1007.01,UV=0.00,TIME=04:15:13,DATE=29/04/2026",normal
29/04/2026,4:17:14,63,27.17,87.98,1007.08,0,"PM25=63,T=27.17,H=87.98,P=1007.08,UV=0.00,TIME=04:17:14,DATE=29/04/2026",normal
29/04/2026,4:19:15,59,27,88.8,1007.13,0,"PM25=59,T=27.00,H=88.80,P=1007.13,UV=0.00,TIME=04:19:15,DATE=29/04/2026",normal
29/04/2026,4:21:15,56,27.21,88.12,1007.11,0,"PM25=56,T=27.21,H=88.12,P=1007.11,UV=0.00,TIME=04:21:15,DATE=29/04/2026",normal
29/04/2026,4:23:16,59,27.04,88.42,1007.17,0,"PM25=59,T=27.04,H=88.42,P=1007.17,UV=0.00,TIME=04:23:16,DATE=29/04/2026",normal
29/04/2026,4:25:16,57,26.91,89.06,1007.25,0,"PM25=57,T=26.91,H=89.06,P=1007.25,UV=0.00,TIME=04:25:16,DATE=29/04/2026",normal
29/04/2026,4:27:17,60,27.04,88.64,1007.35,0,"PM25=60,T=27.04,H=88.64,P=1007.35,UV=0.00,TIME=04:27:17,DATE=29/04/2026",normal
29/04/2026,4:29:17,55,27.06,88.44,1007.5,0,"PM25=55,T=27.06,H=88.44,P=1007.50,UV=0.00,TIME=04:29:17,DATE=29/04/2026",normal
29/04/2026,4:31:18,51,27.33,87.09,1007.52,0,"PM25=51,T=27.33,H=87.09,P=1007.52,UV=0.00,TIME=04:31:18,DATE=29/04/2026",normal
29/04/2026,4:33:19,50,27.05,86.11,1007.67,0,"PM25=50,T=27.05,H=86.11,P=1007.67,UV=0.00,TIME=04:33:19,DATE=29/04/2026",normal
29/04/2026,4:35:19,41,27.19,83.77,1007.76,0,"PM25=41,T=27.19,H=83.77,P=1007.76,UV=0.00,TIME=04:35:19,DATE=29/04/2026",normal
29/04/2026,4:37:20,38,27.28,83.87,1007.8,0,"PM25=38,T=27.28,H=83.87,P=1007.80,UV=0.00,TIME=04:37:20,DATE=29/04/2026",normal
29/04/2026,4:39:20,24,26.99,80.95,1007.75,0,"PM25=24,T=26.99,H=80.95,P=1007.75,UV=0.00,TIME=04:39:20,DATE=29/04/2026",normal
29/04/2026,4:41:21,19,27.1,80.35,1007.81,0,"PM25=19,T=27.10,H=80.35,P=1007.81,UV=0.00,TIME=04:41:21,DATE=29/04/2026",normal
29/04/2026,4:43:21,15,26.79,75.92,1007.83,0,"PM25=15,T=26.79,H=75.92,P=1007.83,UV=0.00,TIME=04:43:21,DATE=29/04/2026",normal
29/04/2026,4:45:22,17,27.02,78.07,1007.91,0,"PM25=17,T=27.02,H=78.07,P=1007.91,UV=0.00,TIME=04:45:22,DATE=29/04/2026",normal
29/04/2026,4:47:23,11,26.86,76.71,1007.91,0,"PM25=11,T=26.86,H=76.71,P=1007.91,UV=0.00,TIME=04:47:23,DATE=29/04/2026",normal
29/04/2026,4:49:23,13,26.64,75.78,1007.98,0,"PM25=13,T=26.64,H=75.78,P=1007.98,UV=0.00,TIME=04:49:23,DATE=29/04/2026",normal
29/04/2026,4:51:24,7,26.59,77.35,1008.01,0,"PM25=7,T=26.59,H=77.35,P=1008.01,UV=0.00,TIME=04:51:24,DATE=29/04/2026",normal
29/04/2026,4:53:24,10,26.61,76.59,1008.16,0,"PM25=10,T=26.61,H=76.59,P=1008.16,UV=0.00,TIME=04:53:24,DATE=29/04/2026",normal
29/04/2026,4:55:25,6,26.48,76.31,1008.26,0,"PM25=6,T=26.48,H=76.31,P=1008.26,UV=0.00,TIME=04:55:25,DATE=29/04/2026",normal
29/04/2026,4:57:25,9,26.74,76.05,1008.37,0,"PM25=9,T=26.74,H=76.05,P=1008.37,UV=0.00,TIME=04:57:25,DATE=29/04/2026",normal
29/04/2026,4:59:26,7,26.45,77.89,1008.39,0,"PM25=7,T=26.45,H=77.89,P=1008.39,UV=0.00,TIME=04:59:26,DATE=29/04/2026",normal
29/04/2026,5:01:27,5,26.12,76.81,1008.52,0,"PM25=5,T=26.12,H=76.81,P=1008.52,UV=0.00,TIME=05:01:27,DATE=29/04/2026",normal
29/04/2026,5:03:27,8,26.43,77.48,1008.49,0,"PM25=8,T=26.43,H=77.48,P=1008.49,UV=0.00,TIME=05:03:27,DATE=29/04/2026",normal
29/04/2026,5:05:28,5,26.42,77.19,1008.42,0,"PM25=5,T=26.42,H=77.19,P=1008.42,UV=0.00,TIME=05:05:28,DATE=29/04/2026",normal
29/04/2026,5:07:28,5,26.13,77.43,1008.46,0,"PM25=5,T=26.13,H=77.43,P=1008.46,UV=0.00,TIME=05:07:28,DATE=29/04/2026",normal
29/04/2026,5:09:29,5,26.47,76.97,1008.53,0,"PM25=5,T=26.47,H=76.97,P=1008.53,UV=0.00,TIME=05:09:29,DATE=29/04/2026",normal
29/04/2026,5:11:29,3,26.06,77.86,1008.53,0,"PM25=3,T=26.06,H=77.86,P=1008.53,UV=0.00,TIME=05:11:29,DATE=29/04/2026",normal
29/04/2026,5:13:30,5,26.4,77.11,1008.61,0,"PM25=5,T=26.40,H=77.11,P=1008.61,UV=0.00,TIME=05:13:30,DATE=29/04/2026",normal
29/04/2026,5:15:31,5,26.55,75.3,1008.72,0,"PM25=5,T=26.55,H=75.30,P=1008.72,UV=0.00,TIME=05:15:31,DATE=29/04/2026",normal
29/04/2026,5:17:31,3,25.92,76.7,1008.77,0,"PM25=3,T=25.92,H=76.70,P=1008.77,UV=0.00,TIME=05:17:31,DATE=29/04/2026",normal
29/04/2026,5:19:32,2,26.03,75.31,1008.78,0,"PM25=2,T=26.03,H=75.31,P=1008.78,UV=0.00,TIME=05:19:32,DATE=29/04/2026",normal
29/04/2026,5:21:32,4,26.05,75.1,1008.78,0,"PM25=4,T=26.05,H=75.10,P=1008.78,UV=0.00,TIME=05:21:32,DATE=29/04/2026",normal
29/04/2026,5:23:33,2,25.46,75.5,1008.83,0.01,"PM25=2,T=25.46,H=75.50,P=1008.83,UV=0.01,TIME=05:23:33,DATE=29/04/2026",normal
29/04/2026,5:25:33,4,25.89,74.42,1008.83,0.01,"PM25=4,T=25.89,H=74.42,P=1008.83,UV=0.01,TIME=05:25:33,DATE=29/04/2026",normal
29/04/2026,5:27:34,3,25.89,74.44,1008.89,0,"PM25=3,T=25.89,H=74.44,P=1008.89,UV=0.00,TIME=05:27:34,DATE=29/04/2026",normal
29/04/2026,5:29:35,2,25.65,73.62,1008.89,0.01,"PM25=2,T=25.65,H=73.62,P=1008.89,UV=0.01,TIME=05:29:35,DATE=29/04/2026",normal
29/04/2026,5:31:35,2,26.02,73.39,1008.95,0.01,"PM25=2,T=26.02,H=73.39,P=1008.95,UV=0.01,TIME=05:31:35,DATE=29/04/2026",normal
29/04/2026,5:33:36,3,25.67,73.3,1009.04,0.02,"PM25=3,T=25.67,H=73.30,P=1009.04,UV=0.02,TIME=05:33:36,DATE=29/04/2026",normal
29/04/2026,5:35:36,2,25.67,73.67,1009.12,0.02,"PM25=2,T=25.67,H=73.67,P=1009.12,UV=0.02,TIME=05:35:36,DATE=29/04/2026",normal
29/04/2026,5:37:37,2,25.88,72.95,1009.17,0.02,"PM25=2,T=25.88,H=72.95,P=1009.17,UV=0.02,TIME=05:37:37,DATE=29/04/2026",normal
29/04/2026,5:39:37,2,25.95,72.73,1009.21,0.02,"PM25=2,T=25.95,H=72.73,P=1009.21,UV=0.02,TIME=05:39:37,DATE=29/04/2026",normal
29/04/2026,5:41:38,4,25.25,73.54,1009.15,0.03,"PM25=4,T=25.25,H=73.54,P=1009.15,UV=0.03,TIME=05:41:38,DATE=29/04/2026",normal
29/04/2026,5:43:39,3,25.45,73.43,1009.15,0.04,"PM25=3,T=25.45,H=73.43,P=1009.15,UV=0.04,TIME=05:43:39,DATE=29/04/2026",normal
29/04/2026,5:45:39,4,25.9,72.7,1009.1,0.06,"PM25=4,T=25.90,H=72.70,P=1009.10,UV=0.06,TIME=05:45:39,DATE=29/04/2026",normal
29/04/2026,5:47:40,3,25.68,73.09,1009.16,0.07,"PM25=3,T=25.68,H=73.09,P=1009.16,UV=0.07,TIME=05:47:40,DATE=29/04/2026",normal
29/04/2026,5:49:40,4,25.82,72.65,1009.21,0.09,"PM25=4,T=25.82,H=72.65,P=1009.21,UV=0.09,TIME=05:49:40,DATE=29/04/2026",normal
29/04/2026,5:51:41,3,26.31,71.04,1009.37,0.09,"PM25=3,T=26.31,H=71.04,P=1009.37,UV=0.09,TIME=05:51:41,DATE=29/04/2026",normal
29/04/2026,5:53:41,3,26.4,70.33,1009.41,0.06,"PM25=3,T=26.40,H=70.33,P=1009.41,UV=0.06,TIME=05:53:41,DATE=29/04/2026",normal
29/04/2026,5:55:42,3,26.61,71.3,1009.68,0.03,"PM25=3,T=26.61,H=71.30,P=1009.68,UV=0.03,TIME=05:55:42,DATE=29/04/2026",normal
29/04/2026,5:57:43,3,26.94,70.13,1010.18,0.02,"PM25=3,T=26.94,H=70.13,P=1010.18,UV=0.02,TIME=05:57:43,DATE=29/04/2026",normal
29/04/2026,5:59:43,3,26.92,69.87,1010.79,0.02,"PM25=3,T=26.92,H=69.87,P=1010.79,UV=0.02,TIME=05:59:43,DATE=29/04/2026",normal
29/04/2026,6:01:44,4,26.29,71.13,1011.03,0.02,"PM25=4,T=26.29,H=71.13,P=1011.03,UV=0.02,TIME=06:01:44,DATE=29/04/2026",normal
29/04/2026,6:03:44,5,26.37,71.12,1010.94,0.01,"PM25=5,T=26.37,H=71.12,P=1010.94,UV=0.01,TIME=06:03:44,DATE=29/04/2026",normal
29/04/2026,6:05:45,2,26.17,71.48,1010.5,0.03,"PM25=2,T=26.17,H=71.48,P=1010.50,UV=0.03,TIME=06:05:45,DATE=29/04/2026",normal
29/04/2026,6:07:45,5,25.49,73.5,1010.21,0.12,"PM25=5,T=25.49,H=73.50,P=1010.21,UV=0.12,TIME=06:07:45,DATE=29/04/2026",normal
29/04/2026,6:09:46,5,26.01,72.79,1010.16,0.12,"PM25=5,T=26.01,H=72.79,P=1010.16,UV=0.12,TIME=06:09:46,DATE=29/04/2026",normal
29/04/2026,6:11:47,5,26.38,71.79,1010.4,0.06,"PM25=5,T=26.38,H=71.79,P=1010.40,UV=0.06,TIME=06:11:47,DATE=29/04/2026",normal
29/04/2026,6:13:47,5,26.65,71.09,1010.54,0.05,"PM25=5,T=26.65,H=71.09,P=1010.54,UV=0.05,TIME=06:13:47,DATE=29/04/2026",normal
29/04/2026,6:15:48,5,25.97,72.25,1010.75,0.09,"PM25=5,T=25.97,H=72.25,P=1010.75,UV=0.09,TIME=06:15:48,DATE=29/04/2026",normal
29/04/2026,6:17:48,7,26.38,72.23,1010.88,0.12,"PM25=7,T=26.38,H=72.23,P=1010.88,UV=0.12,TIME=06:17:48,DATE=29/04/2026",normal
29/04/2026,6:19:49,6,26.85,70.89,1010.88,0.15,"PM25=6,T=26.85,H=70.89,P=1010.88,UV=0.15,TIME=06:19:49,DATE=29/04/2026",normal
29/04/2026,6:21:49,8,26.78,71.13,1010.97,0.2,"PM25=8,T=26.78,H=71.13,P=1010.97,UV=0.20,TIME=06:21:49,DATE=29/04/2026",normal
29/04/2026,6:23:50,5,26.66,71.48,1011.16,0.19,"PM25=5,T=26.66,H=71.48,P=1011.16,UV=0.19,TIME=06:23:50,DATE=29/04/2026",normal
29/04/2026,6:25:51,5,25.95,73.65,1011.38,0.15,"PM25=5,T=25.95,H=73.65,P=1011.38,UV=0.15,TIME=06:25:51,DATE=29/04/2026",normal
29/04/2026,6:27:51,8,25.75,74.58,1011.43,0.15,"PM25=8,T=25.75,H=74.58,P=1011.43,UV=0.15,TIME=06:27:51,DATE=29/04/2026",normal
29/04/2026,6:29:52,7,25.78,74.85,1011.5,0.16,"PM25=7,T=25.78,H=74.85,P=1011.50,UV=0.16,TIME=06:29:52,DATE=29/04/2026",normal
29/04/2026,6:31:52,5,25.34,75.88,1011.55,0.17,"PM25=5,T=25.34,H=75.88,P=1011.55,UV=0.17,TIME=06:31:52,DATE=29/04/2026",normal
29/04/2026,6:33:53,5,25.12,77.62,1011.66,0.21,"PM25=5,T=25.12,H=77.62,P=1011.66,UV=0.21,TIME=06:33:53,DATE=29/04/2026",normal
29/04/2026,6:35:54,8,25.64,75.85,1011.69,0.23,"PM25=8,T=25.64,H=75.85,P=1011.69,UV=0.23,TIME=06:35:54,DATE=29/04/2026",normal
29/04/2026,6:37:54,8,25.49,75.62,1011.74,0.23,"PM25=8,T=25.49,H=75.62,P=1011.74,UV=0.23,TIME=06:37:54,DATE=29/04/2026",normal
29/04/2026,6:39:55,6,26.23,74.49,1011.83,0.2,"PM25=6,T=26.23,H=74.49,P=1011.83,UV=0.20,TIME=06:39:55,DATE=29/04/2026",normal
29/04/2026,6:41:55,5,26,74.96,1011.93,0.15,"PM25=5,T=26.00,H=74.96,P=1011.93,UV=0.15,TIME=06:41:55,DATE=29/04/2026",normal
29/04/2026,6:43:56,9,25.55,76.7,1012.06,0.15,"PM25=9,T=25.55,H=76.70,P=1012.06,UV=0.15,TIME=06:43:56,DATE=29/04/2026",normal
29/04/2026,6:45:56,8,24.84,79.24,1012.16,0.14,"PM25=8,T=24.84,H=79.24,P=1012.16,UV=0.14,TIME=06:45:56,DATE=29/04/2026",normal
29/04/2026,6:47:57,8,25.28,77.99,1012.27,0.13,"PM25=8,T=25.28,H=77.99,P=1012.27,UV=0.13,TIME=06:47:57,DATE=29/04/2026",normal
29/04/2026,6:49:58,7,24.14,82.09,1012.38,0.12,"PM25=7,T=24.14,H=82.09,P=1012.38,UV=0.12,TIME=06:49:58,DATE=29/04/2026",normal
29/04/2026,6:51:58,7,24.15,82.61,1012.45,0.13,"PM25=7,T=24.15,H=82.61,P=1012.45,UV=0.13,TIME=06:51:58,DATE=29/04/2026",normal
29/04/2026,6:53:59,8,23.91,83.95,1012.5,0.15,"PM25=8,T=23.91,H=83.95,P=1012.50,UV=0.15,TIME=06:53:59,DATE=29/04/2026",normal
29/04/2026,6:55:59,8,24.08,83.54,1012.49,0.19,"PM25=8,T=24.08,H=83.54,P=1012.49,UV=0.19,TIME=06:55:59,DATE=29/04/2026",normal
29/04/2026,6:58:00,7,25.33,79.25,1012.53,0.22,"PM25=7,T=25.33,H=79.25,P=1012.53,UV=0.22,TIME=06:58:00,DATE=29/04/2026",normal
29/04/2026,7:00:00,9,25.6,78.38,1012.62,0.23,"PM25=9,T=25.60,H=78.38,P=1012.62,UV=0.23,TIME=07:00:00,DATE=29/04/2026",normal
29/04/2026,7:02:01,8,25.74,77.97,1012.58,0.22,"PM25=8,T=25.74,H=77.97,P=1012.58,UV=0.22,TIME=07:02:01,DATE=29/04/2026",normal
29/04/2026,7:04:02,8,25.99,77.15,1012.63,0.22,"PM25=8,T=25.99,H=77.15,P=1012.63,UV=0.22,TIME=07:04:02,DATE=29/04/2026",normal
29/04/2026,7:06:02,7,25.69,78.17,1012.63,0.27,"PM25=7,T=25.69,H=78.17,P=1012.63,UV=0.27,TIME=07:06:02,DATE=29/04/2026",normal
29/04/2026,7:08:03,7,25.79,78.14,1012.82,0.12,"PM25=7,T=25.79,H=78.14,P=1012.82,UV=0.12,TIME=07:08:03,DATE=29/04/2026",normal
29/04/2026,7:10:03,6,26.17,76.89,1012.91,0.1,"PM25=6,T=26.17,H=76.89,P=1012.91,UV=0.10,TIME=07:10:03,DATE=29/04/2026",normal
29/04/2026,7:12:04,6,25.83,77.82,1013.03,0.15,"PM25=6,T=25.83,H=77.82,P=1013.03,UV=0.15,TIME=07:12:04,DATE=29/04/2026",normal
29/04/2026,7:14:04,9,25.89,77.74,1013.1,0.16,"PM25=9,T=25.89,H=77.74,P=1013.10,UV=0.16,TIME=07:14:04,DATE=29/04/2026",normal
29/04/2026,7:16:05,5,26.06,77.78,1013.05,0.37,"PM25=5,T=26.06,H=77.78,P=1013.05,UV=0.37,TIME=07:16:05,DATE=29/04/2026",normal
29/04/2026,7:18:06,6,26.48,76.69,1013.12,0.35,"PM25=6,T=26.48,H=76.69,P=1013.12,UV=0.35,TIME=07:18:06,DATE=29/04/2026",normal
29/04/2026,7:20:06,9,26.31,77.38,1013.21,0.31,"PM25=9,T=26.31,H=77.38,P=1013.21,UV=0.31,TIME=07:20:06,DATE=29/04/2026",normal
29/04/2026,7:22:07,8,26.27,77.87,1013.29,0.27,"PM25=8,T=26.27,H=77.87,P=1013.29,UV=0.27,TIME=07:22:07,DATE=29/04/2026",normal
29/04/2026,7:24:07,11,26.32,77.68,1013.43,0.19,"PM25=11,T=26.32,H=77.68,P=1013.43,UV=0.19,TIME=07:24:07,DATE=29/04/2026",normal
29/04/2026,7:26:08,9,26.29,78.01,1013.46,0.31,"PM25=9,T=26.29,H=78.01,P=1013.46,UV=0.31,TIME=07:26:08,DATE=29/04/2026",normal
29/04/2026,7:28:08,14,26.07,78.08,1013.47,0.32,"PM25=14,T=26.07,H=78.08,P=1013.47,UV=0.32,TIME=07:28:08,DATE=29/04/2026",normal
29/04/2026,7:30:09,10,26.57,77.08,1013.45,0.29,"PM25=10,T=26.57,H=77.08,P=1013.45,UV=0.29,TIME=07:30:09,DATE=29/04/2026",normal
29/04/2026,7:32:10,11,26.64,76.57,1013.44,0.4,"PM25=11,T=26.64,H=76.57,P=1013.44,UV=0.40,TIME=07:32:10,DATE=29/04/2026",normal
29/04/2026,7:34:10,11,26.71,76.43,1013.42,0.38,"PM25=11,T=26.71,H=76.43,P=1013.42,UV=0.38,TIME=07:34:10,DATE=29/04/2026",normal
29/04/2026,7:36:11,10,26.86,76.1,1013.54,0.41,"PM25=10,T=26.86,H=76.10,P=1013.54,UV=0.41,TIME=07:36:11,DATE=29/04/2026",normal
29/04/2026,7:38:11,13,26.73,76.58,1013.67,0.25,"PM25=13,T=26.73,H=76.58,P=1013.67,UV=0.25,TIME=07:38:11,DATE=29/04/2026",normal
29/04/2026,7:40:12,12,26.59,77.12,1013.78,0.25,"PM25=12,T=26.59,H=77.12,P=1013.78,UV=0.25,TIME=07:40:12,DATE=29/04/2026",normal
29/04/2026,7:42:12,11,26.04,78.51,1013.81,0.37,"PM25=11,T=26.04,H=78.51,P=1013.81,UV=0.37,TIME=07:42:12,DATE=29/04/2026",normal
29/04/2026,7:44:13,11,25.91,79.74,1013.79,0.36,"PM25=11,T=25.91,H=79.74,P=1013.79,UV=0.36,TIME=07:44:13,DATE=29/04/2026",normal
29/04/2026,7:46:14,11,26.1,78.46,1013.81,0.56,"PM25=11,T=26.10,H=78.46,P=1013.81,UV=0.56,TIME=07:46:14,DATE=29/04/2026",normal
29/04/2026,7:48:14,11,26.4,77.65,1013.86,0.81,"PM25=11,T=26.40,H=77.65,P=1013.86,UV=0.81,TIME=07:48:14,DATE=29/04/2026",normal
29/04/2026,7:50:15,12,26.44,77.22,1013.9,0.88,"PM25=12,T=26.44,H=77.22,P=1013.90,UV=0.88,TIME=07:50:15,DATE=29/04/2026",normal
29/04/2026,7:52:15,11,26.16,78.08,1013.96,0.73,"PM25=11,T=26.16,H=78.08,P=1013.96,UV=0.73,TIME=07:52:15,DATE=29/04/2026",normal
29/04/2026,7:54:16,13,26.6,76.46,1013.99,0.68,"PM25=13,T=26.60,H=76.46,P=1013.99,UV=0.68,TIME=07:54:16,DATE=29/04/2026",normal
29/04/2026,7:56:16,12,26.64,76.52,1013.99,0.77,"PM25=12,T=26.64,H=76.52,P=1013.99,UV=0.77,TIME=07:56:16,DATE=29/04/2026",normal
29/04/2026,7:58:17,13,26.61,76.52,1014.05,0.81,"PM25=13,T=26.61,H=76.52,P=1014.05,UV=0.81,TIME=07:58:17,DATE=29/04/2026",normal
29/04/2026,8:00:18,10,26.57,76.41,1014.12,0.82,"PM25=10,T=26.57,H=76.41,P=1014.12,UV=0.82,TIME=08:00:18,DATE=29/04/2026",normal
29/04/2026,8:02:18,13,26.45,76.58,1014.13,0.77,"PM25=13,T=26.45,H=76.58,P=1014.13,UV=0.77,TIME=08:02:18,DATE=29/04/2026",normal
29/04/2026,8:04:19,14,26.3,76.53,1014.17,0.91,"PM25=14,T=26.30,H=76.53,P=1014.17,UV=0.91,TIME=08:04:19,DATE=29/04/2026",normal
29/04/2026,8:06:19,12,26.15,76.88,1014.16,0.93,"PM25=12,T=26.15,H=76.88,P=1014.16,UV=0.93,TIME=08:06:19,DATE=29/04/2026",normal
29/04/2026,8:08:20,11,26.36,76.46,1014.16,1.02,"PM25=11,T=26.36,H=76.46,P=1014.16,UV=1.02,TIME=08:08:20,DATE=29/04/2026",normal
29/04/2026,8:10:20,12,25.92,77.61,1014.11,1.19,"PM25=12,T=25.92,H=77.61,P=1014.11,UV=1.19,TIME=08:10:20,DATE=29/04/2026",normal
29/04/2026,8:12:21,12,26.23,76.61,1014.1,1.1,"PM25=12,T=26.23,H=76.61,P=1014.10,UV=1.10,TIME=08:12:21,DATE=29/04/2026",normal
29/04/2026,8:14:22,11,26.51,76,1014.15,1.02,"PM25=11,T=26.51,H=76.00,P=1014.15,UV=1.02,TIME=08:14:22,DATE=29/04/2026",normal
29/04/2026,8:16:22,11,25.97,77.5,1014.18,1.05,"PM25=11,T=25.97,H=77.50,P=1014.18,UV=1.05,TIME=08:16:22,DATE=29/04/2026",normal
29/04/2026,8:18:23,9,26.42,75.99,1014.21,1.15,"PM25=9,T=26.42,H=75.99,P=1014.21,UV=1.15,TIME=08:18:23,DATE=29/04/2026",normal
29/04/2026,8:20:23,11,25.58,77.89,1014.22,1.31,"PM25=11,T=25.58,H=77.89,P=1014.22,UV=1.31,TIME=08:20:23,DATE=29/04/2026",normal
29/04/2026,8:22:24,8,25.51,78.21,1014.25,1.1,"PM25=8,T=25.51,H=78.21,P=1014.25,UV=1.10,TIME=08:22:24,DATE=29/04/2026",normal
29/04/2026,8:24:24,13,25.32,79.41,1014.29,1.31,"PM25=13,T=25.32,H=79.41,P=1014.29,UV=1.31,TIME=08:24:24,DATE=29/04/2026",normal
29/04/2026,8:26:25,10,26.51,75.79,1014.34,1.75,"PM25=10,T=26.51,H=75.79,P=1014.34,UV=1.75,TIME=08:26:25,DATE=29/04/2026",normal
29/04/2026,8:28:26,12,25.87,77.8,1014.35,1.92,"PM25=12,T=25.87,H=77.80,P=1014.35,UV=1.92,TIME=08:28:26,DATE=29/04/2026",normal
29/04/2026,8:30:26,13,25.23,79.82,1014.34,1.8,"PM25=13,T=25.23,H=79.82,P=1014.34,UV=1.80,TIME=08:30:26,DATE=29/04/2026",normal
29/04/2026,8:32:27,13,25.23,81.02,1014.38,2.14,"PM25=13,T=25.23,H=81.02,P=1014.38,UV=2.14,TIME=08:32:27,DATE=29/04/2026",normal
29/04/2026,8:34:27,15,24.99,81.65,1014.36,1.9,"PM25=15,T=24.99,H=81.65,P=1014.36,UV=1.90,TIME=08:34:27,DATE=29/04/2026",normal
29/04/2026,8:36:28,17,24.81,81.96,1014.34,2.18,"PM25=17,T=24.81,H=81.96,P=1014.34,UV=2.18,TIME=08:36:28,DATE=29/04/2026",normal
29/04/2026,8:38:28,21,24.68,82.38,1014.36,1.95,"PM25=21,T=24.68,H=82.38,P=1014.36,UV=1.95,TIME=08:38:28,DATE=29/04/2026",normal
29/04/2026,8:40:29,16,26.99,75.44,1014.37,5.33,"PM25=16,T=26.99,H=75.44,P=1014.37,UV=5.33,TIME=08:40:29,DATE=29/04/2026",normal
29/04/2026,8:42:30,19,27.98,72.56,1014.34,7.42,"PM25=19,T=27.98,H=72.56,P=1014.34,UV=7.42,TIME=08:42:30,DATE=29/04/2026",normal
29/04/2026,8:44:30,15,27.55,72.27,1014.36,3.88,"PM25=15,T=27.55,H=72.27,P=1014.36,UV=3.88,TIME=08:44:30,DATE=29/04/2026",normal
29/04/2026,8:46:31,15,27.33,73.12,1014.38,2.88,"PM25=15,T=27.33,H=73.12,P=1014.38,UV=2.88,TIME=08:46:31,DATE=29/04/2026",normal
29/04/2026,8:48:31,18,26.68,74.18,1014.43,2.32,"PM25=18,T=26.68,H=74.18,P=1014.43,UV=2.32,TIME=08:48:31,DATE=29/04/2026",normal
29/04/2026,8:50:32,20,26.49,74.99,1014.46,2.43,"PM25=20,T=26.49,H=74.99,P=1014.46,UV=2.43,TIME=08:50:32,DATE=29/04/2026",normal
29/04/2026,8:52:32,20,26.1,75.8,1014.5,1.74,"PM25=20,T=26.10,H=75.80,P=1014.50,UV=1.74,TIME=08:52:32,DATE=29/04/2026",normal
29/04/2026,8:54:33,20,25.89,77.12,1014.49,2.39,"PM25=20,T=25.89,H=77.12,P=1014.49,UV=2.39,TIME=08:54:33,DATE=29/04/2026",normal
29/04/2026,8:56:34,18,26.53,74.81,1014.45,2.11,"PM25=18,T=26.53,H=74.81,P=1014.45,UV=2.11,TIME=08:56:34,DATE=29/04/2026",normal
29/04/2026,8:58:34,21,26.08,75.59,1014.48,2.21,"PM25=21,T=26.08,H=75.59,P=1014.48,UV=2.21,TIME=08:58:34,DATE=29/04/2026",normal
29/04/2026,9:00:35,20,26.34,74.98,1014.48,2.37,"PM25=20,T=26.34,H=74.98,P=1014.48,UV=2.37,TIME=09:00:35,DATE=29/04/2026",normal
29/04/2026,9:02:35,19,26.39,74.5,1014.46,2.48,"PM25=19,T=26.39,H=74.50,P=1014.46,UV=2.48,TIME=09:02:35,DATE=29/04/2026",normal
29/04/2026,9:04:36,22,26.66,74.09,1014.45,2.73,"PM25=22,T=26.66,H=74.09,P=1014.45,UV=2.73,TIME=09:04:36,DATE=29/04/2026",normal
29/04/2026,9:06:36,18,27.07,72.98,1014.43,3.13,"PM25=18,T=27.07,H=72.98,P=1014.43,UV=3.13,TIME=09:06:36,DATE=29/04/2026",normal
29/04/2026,9:08:37,18,27.35,71.91,1014.41,3.22,"PM25=18,T=27.35,H=71.91,P=1014.41,UV=3.22,TIME=09:08:37,DATE=29/04/2026",normal
29/04/2026,9:10:38,17,27.6,70.99,1014.43,2.84,"PM25=17,T=27.60,H=70.99,P=1014.43,UV=2.84,TIME=09:10:38,DATE=29/04/2026",normal
29/04/2026,9:12:38,17,27.29,71.67,1014.43,2.55,"PM25=17,T=27.29,H=71.67,P=1014.43,UV=2.55,TIME=09:12:38,DATE=29/04/2026",normal
29/04/2026,9:14:39,22,27.41,70.93,1014.47,2.38,"PM25=22,T=27.41,H=70.93,P=1014.47,UV=2.38,TIME=09:14:39,DATE=29/04/2026",normal
29/04/2026,9:16:39,17,27.24,71.57,1014.49,2.1,"PM25=17,T=27.24,H=71.57,P=1014.49,UV=2.10,TIME=09:16:39,DATE=29/04/2026",normal
29/04/2026,9:18:40,20,26.83,72.33,1014.55,2.07,"PM25=20,T=26.83,H=72.33,P=1014.55,UV=2.07,TIME=09:18:40,DATE=29/04/2026",normal
29/04/2026,9:20:40,16,26.68,72.12,1014.58,2.3,"PM25=16,T=26.68,H=72.12,P=1014.58,UV=2.30,TIME=09:20:40,DATE=29/04/2026",normal
29/04/2026,9:22:41,15,27.05,71.82,1014.6,2.26,"PM25=15,T=27.05,H=71.82,P=1014.60,UV=2.26,TIME=09:22:41,DATE=29/04/2026",normal
29/04/2026,9:24:42,16,27.3,71.9,1014.66,1.98,"PM25=16,T=27.30,H=71.90,P=1014.66,UV=1.98,TIME=09:24:42,DATE=29/04/2026",normal
29/04/2026,9:26:42,18,26.98,72.55,1014.73,2.01,"PM25=18,T=26.98,H=72.55,P=1014.73,UV=2.01,TIME=09:26:42,DATE=29/04/2026",normal
29/04/2026,9:28:43,19,26.88,72.48,1014.74,1.93,"PM25=19,T=26.88,H=72.48,P=1014.74,UV=1.93,TIME=09:28:43,DATE=29/04/2026",normal
29/04/2026,9:30:43,18,26.58,73.24,1014.79,1.62,"PM25=18,T=26.58,H=73.24,P=1014.79,UV=1.62,TIME=09:30:43,DATE=29/04/2026",normal
29/04/2026,9:32:44,19,26.49,73.69,1014.87,1.26,"PM25=19,T=26.49,H=73.69,P=1014.87,UV=1.26,TIME=09:32:44,DATE=29/04/2026",normal
29/04/2026,9:34:44,19,26.58,73.92,1014.95,1.13,"PM25=19,T=26.58,H=73.92,P=1014.95,UV=1.13,TIME=09:34:44,DATE=29/04/2026",normal
29/04/2026,9:36:45,20,26.36,73.74,1014.96,1.08,"PM25=20,T=26.36,H=73.74,P=1014.96,UV=1.08,TIME=09:36:45,DATE=29/04/2026",normal
29/04/2026,9:38:46,19,26.6,73.01,1014.97,1.08,"PM25=19,T=26.60,H=73.01,P=1014.97,UV=1.08,TIME=09:38:46,DATE=29/04/2026",normal
29/04/2026,9:40:46,21,26.18,74.58,1015.01,1.09,"PM25=21,T=26.18,H=74.58,P=1015.01,UV=1.09,TIME=09:40:46,DATE=29/04/2026",normal
29/04/2026,9:42:47,19,26.19,73.99,1015.05,1.12,"PM25=19,T=26.19,H=73.99,P=1015.05,UV=1.12,TIME=09:42:47,DATE=29/04/2026",normal
29/04/2026,9:44:47,18,26.05,74.48,1015.02,1.15,"PM25=18,T=26.05,H=74.48,P=1015.02,UV=1.15,TIME=09:44:47,DATE=29/04/2026",normal
29/04/2026,9:46:48,18,26.02,73.74,1015.01,1.18,"PM25=18,T=26.02,H=73.74,P=1015.01,UV=1.18,TIME=09:46:48,DATE=29/04/2026",normal
29/04/2026,9:48:48,17,26.05,73.28,1015.03,1.14,"PM25=17,T=26.05,H=73.28,P=1015.03,UV=1.14,TIME=09:48:48,DATE=29/04/2026",normal
29/04/2026,9:50:49,18,26.14,73.84,1015.05,1.13,"PM25=18,T=26.14,H=73.84,P=1015.05,UV=1.13,TIME=09:50:49,DATE=29/04/2026",normal
29/04/2026,9:52:50,18,25.93,73.77,1015,1.14,"PM25=18,T=25.93,H=73.77,P=1015.00,UV=1.14,TIME=09:52:50,DATE=29/04/2026",normal
29/04/2026,9:54:50,16,26.13,73.52,1015.05,1.14,"PM25=16,T=26.13,H=73.52,P=1015.05,UV=1.14,TIME=09:54:50,DATE=29/04/2026",normal
29/04/2026,9:56:51,17,25.92,73.4,1015.05,1.15,"PM25=17,T=25.92,H=73.40,P=1015.05,UV=1.15,TIME=09:56:51,DATE=29/04/2026",normal
29/04/2026,9:58:51,20,26.12,72.91,1015.1,1.15,"PM25=20,T=26.12,H=72.91,P=1015.10,UV=1.15,TIME=09:58:51,DATE=29/04/2026",normal
29/04/2026,10:00:52,19,25.91,72.92,1015.08,1.18,"PM25=19,T=25.91,H=72.92,P=1015.08,UV=1.18,TIME=10:00:52,DATE=29/04/2026",normal
29/04/2026,10:02:52,19,25.69,73.35,1015.01,1.32,"PM25=19,T=25.69,H=73.35,P=1015.01,UV=1.32,TIME=10:02:52,DATE=29/04/2026",normal
29/04/2026,10:04:53,19,26.12,72.84,1015.06,1.47,"PM25=19,T=26.12,H=72.84,P=1015.06,UV=1.47,TIME=10:04:53,DATE=29/04/2026",normal
29/04/2026,10:06:54,19,25.82,72.94,1015.01,1.53,"PM25=19,T=25.82,H=72.94,P=1015.01,UV=1.53,TIME=10:06:54,DATE=29/04/2026",normal
29/04/2026,10:08:54,19,26.05,72.76,1015.04,1.58,"PM25=19,T=26.05,H=72.76,P=1015.04,UV=1.58,TIME=10:08:54,DATE=29/04/2026",normal
29/04/2026,10:10:55,21,26.14,72.16,1015.01,1.72,"PM25=21,T=26.14,H=72.16,P=1015.01,UV=1.72,TIME=10:10:55,DATE=29/04/2026",normal
29/04/2026,10:12:55,17,26.14,71.92,1014.98,1.85,"PM25=17,T=26.14,H=71.92,P=1014.98,UV=1.85,TIME=10:12:55,DATE=29/04/2026",normal
29/04/2026,10:14:56,18,26.08,71.75,1014.93,1.92,"PM25=18,T=26.08,H=71.75,P=1014.93,UV=1.92,TIME=10:14:56,DATE=29/04/2026",normal
29/04/2026,10:16:56,18,26.29,71.17,1014.88,1.95,"PM25=18,T=26.29,H=71.17,P=1014.88,UV=1.95,TIME=10:16:56,DATE=29/04/2026",normal
29/04/2026,10:18:57,19,26.53,71,1014.81,2.06,"PM25=19,T=26.53,H=71.00,P=1014.81,UV=2.06,TIME=10:18:57,DATE=29/04/2026",normal
29/04/2026,10:20:58,16,26.59,70.78,1014.8,2.22,"PM25=16,T=26.59,H=70.78,P=1014.80,UV=2.22,TIME=10:20:58,DATE=29/04/2026",normal
29/04/2026,10:22:58,19,26.8,69.63,1014.79,2.46,"PM25=19,T=26.80,H=69.63,P=1014.79,UV=2.46,TIME=10:22:58,DATE=29/04/2026",normal
29/04/2026,10:24:59,16,27.19,68.66,1014.73,2.68,"PM25=16,T=27.19,H=68.66,P=1014.73,UV=2.68,TIME=10:24:59,DATE=29/04/2026",normal
29/04/2026,10:26:59,17,27.41,67.66,1014.66,2.81,"PM25=17,T=27.41,H=67.66,P=1014.66,UV=2.81,TIME=10:26:59,DATE=29/04/2026",normal
29/04/2026,10:29:00,19,26.98,68.56,1014.66,3.04,"PM25=19,T=26.98,H=68.56,P=1014.66,UV=3.04,TIME=10:29:00,DATE=29/04/2026",normal
29/04/2026,10:31:00,17,27.66,66.74,1014.57,3.45,"PM25=17,T=27.66,H=66.74,P=1014.57,UV=3.45,TIME=10:31:00,DATE=29/04/2026",normal
29/04/2026,10:33:01,16,28.13,65.59,1014.48,3.75,"PM25=16,T=28.13,H=65.59,P=1014.48,UV=3.75,TIME=10:33:01,DATE=29/04/2026",normal
29/04/2026,10:35:02,16,28.82,64.13,1014.46,3.76,"PM25=16,T=28.82,H=64.13,P=1014.46,UV=3.76,TIME=10:35:02,DATE=29/04/2026",normal
29/04/2026,10:37:02,18,28.84,63.86,1014.46,3.72,"PM25=18,T=28.84,H=63.86,P=1014.46,UV=3.72,TIME=10:37:02,DATE=29/04/2026",normal
29/04/2026,10:39:03,18,28.64,64.07,1014.45,3.78,"PM25=18,T=28.64,H=64.07,P=1014.45,UV=3.78,TIME=10:39:03,DATE=29/04/2026",normal
29/04/2026,10:41:03,20,28.9,63.62,1014.43,3.93,"PM25=20,T=28.90,H=63.62,P=1014.43,UV=3.93,TIME=10:41:03,DATE=29/04/2026",normal
29/04/2026,10:43:04,19,29.09,63.08,1014.41,4.01,"PM25=19,T=29.09,H=63.08,P=1014.41,UV=4.01,TIME=10:43:04,DATE=29/04/2026",normal
29/04/2026,10:45:04,18,29,63.06,1014.44,3.98,"PM25=18,T=29.00,H=63.06,P=1014.44,UV=3.98,TIME=10:45:04,DATE=29/04/2026",normal
29/04/2026,10:47:05,18,28.83,63.53,1014.42,3.89,"PM25=18,T=28.83,H=63.53,P=1014.42,UV=3.89,TIME=10:47:05,DATE=29/04/2026",normal
29/04/2026,10:49:06,17,29.39,62.4,1014.4,3.89,"PM25=17,T=29.39,H=62.40,P=1014.40,UV=3.89,TIME=10:49:06,DATE=29/04/2026",normal
29/04/2026,10:51:06,24,28.81,62.96,1014.34,4.21,"PM25=24,T=28.81,H=62.96,P=1014.34,UV=4.21,TIME=10:51:06,DATE=29/04/2026",normal
29/04/2026,10:53:07,19,29.64,61.22,1014.36,4.43,"PM25=19,T=29.64,H=61.22,P=1014.36,UV=4.43,TIME=10:53:07,DATE=29/04/2026",normal
29/04/2026,10:55:07,18,30.05,60.54,1014.41,4.59,"PM25=18,T=30.05,H=60.54,P=1014.41,UV=4.59,TIME=10:55:07,DATE=29/04/2026",sunny
29/04/2026,10:57:08,16,29.93,60.6,1014.4,4.63,"PM25=16,T=29.93,H=60.60,P=1014.40,UV=4.63,TIME=10:57:08,DATE=29/04/2026",sunny
29/04/2026,10:59:08,16,29.89,60.13,1014.37,4.69,"PM25=16,T=29.89,H=60.13,P=1014.37,UV=4.69,TIME=10:59:08,DATE=29/04/2026",sunny
29/04/2026,11:01:09,14,30.09,60.27,1014.33,5.4,"PM25=14,T=30.09,H=60.27,P=1014.33,UV=5.40,TIME=11:01:09,DATE=29/04/2026",sunny
29/04/2026,11:03:09,15,30.8,58.45,1014.29,6.33,"PM25=15,T=30.80,H=58.45,P=1014.29,UV=6.33,TIME=11:03:09,DATE=29/04/2026",sunny
29/04/2026,11:05:10,14,31.34,57.07,1014.24,6.76,"PM25=14,T=31.34,H=57.07,P=1014.24,UV=6.76,TIME=11:05:10,DATE=29/04/2026",sunny
29/04/2026,11:07:11,15,31.48,56.29,1014.22,6.75,"PM25=15,T=31.48,H=56.29,P=1014.22,UV=6.75,TIME=11:07:11,DATE=29/04/2026",sunny
29/04/2026,11:09:11,12,31.71,55.78,1014.15,6.54,"PM25=12,T=31.71,H=55.78,P=1014.15,UV=6.54,TIME=11:09:11,DATE=29/04/2026",sunny
29/04/2026,11:11:12,11,31.82,55.37,1014.18,6.7,"PM25=11,T=31.82,H=55.37,P=1014.18,UV=6.70,TIME=11:11:12,DATE=29/04/2026",sunny
29/04/2026,11:13:12,12,32.07,54.11,1014.14,6.91,"PM25=12,T=32.07,H=54.11,P=1014.14,UV=6.91,TIME=11:13:12,DATE=29/04/2026",sunny
29/04/2026,11:15:13,13,32.23,53.35,1014.12,6.68,"PM25=13,T=32.23,H=53.35,P=1014.12,UV=6.68,TIME=11:15:13,DATE=29/04/2026",sunny
29/04/2026,11:17:13,13,31.29,55.87,1014.07,6.57,"PM25=13,T=31.29,H=55.87,P=1014.07,UV=6.57,TIME=11:17:13,DATE=29/04/2026",sunny
29/04/2026,11:19:14,13,31.65,55.24,1013.96,6.74,"PM25=13,T=31.65,H=55.24,P=1013.96,UV=6.74,TIME=11:19:14,DATE=29/04/2026",sunny
29/04/2026,11:21:15,13,32.4,53.89,1013.98,6.83,"PM25=13,T=32.40,H=53.89,P=1013.98,UV=6.83,TIME=11:21:15,DATE=29/04/2026",sunny
29/04/2026,11:23:15,11,31.39,56.15,1013.91,6.82,"PM25=11,T=31.39,H=56.15,P=1013.91,UV=6.82,TIME=11:23:15,DATE=29/04/2026",sunny
29/04/2026,11:25:16,12,32.45,54.01,1013.92,6.77,"PM25=12,T=32.45,H=54.01,P=1013.92,UV=6.77,TIME=11:25:16,DATE=29/04/2026",sunny
29/04/2026,11:27:16,14,32.22,54.05,1013.87,6.48,"PM25=14,T=32.22,H=54.05,P=1013.87,UV=6.48,TIME=11:27:16,DATE=29/04/2026",sunny
29/04/2026,11:29:17,12,31.93,54.55,1013.83,6.49,"PM25=12,T=31.93,H=54.55,P=1013.83,UV=6.49,TIME=11:29:17,DATE=29/04/2026",sunny
29/04/2026,11:31:17,12,32.49,53.62,1013.77,6.2,"PM25=12,T=32.49,H=53.62,P=1013.77,UV=6.20,TIME=11:31:17,DATE=29/04/2026",sunny
29/04/2026,11:33:18,15,32.37,54.1,1013.7,5.61,"PM25=15,T=32.37,H=54.10,P=1013.70,UV=5.61,TIME=11:33:18,DATE=29/04/2026",sunny
29/04/2026,11:35:19,15,31.8,55.21,1013.58,5.17,"PM25=15,T=31.80,H=55.21,P=1013.58,UV=5.17,TIME=11:35:19,DATE=29/04/2026",sunny
29/04/2026,11:37:19,16,32.27,54.22,1013.59,5.48,"PM25=16,T=32.27,H=54.22,P=1013.59,UV=5.48,TIME=11:37:19,DATE=29/04/2026",sunny
29/04/2026,11:39:20,15,32.03,54.55,1013.56,5.42,"PM25=15,T=32.03,H=54.55,P=1013.56,UV=5.42,TIME=11:39:20,DATE=29/04/2026",sunny
29/04/2026,11:41:20,20,31.52,55.92,1013.53,5.49,"PM25=20,T=31.52,H=55.92,P=1013.53,UV=5.49,TIME=11:41:20,DATE=29/04/2026",sunny
29/04/2026,11:43:21,18,31.72,54.57,1013.48,4.56,"PM25=18,T=31.72,H=54.57,P=1013.48,UV=4.56,TIME=11:43:21,DATE=29/04/2026",sunny
29/04/2026,11:45:21,10,30.45,56.77,1013.54,4.2,"PM25=10,T=30.45,H=56.77,P=1013.54,UV=4.20,TIME=11:45:21,DATE=29/04/2026",sunny
29/04/2026,11:47:22,11,30.74,56.45,1013.54,4.08,"PM25=11,T=30.74,H=56.45,P=1013.54,UV=4.08,TIME=11:47:22,DATE=29/04/2026",sunny
29/04/2026,11:49:23,13,30.05,57.4,1013.56,4.07,"PM25=13,T=30.05,H=57.40,P=1013.56,UV=4.07,TIME=11:49:23,DATE=29/04/2026",sunny
29/04/2026,11:51:23,15,30.83,55.27,1013.56,4.13,"PM25=15,T=30.83,H=55.27,P=1013.56,UV=4.13,TIME=11:51:23,DATE=29/04/2026",sunny
29/04/2026,11:53:24,13,30.03,57.53,1013.55,4.13,"PM25=13,T=30.03,H=57.53,P=1013.55,UV=4.13,TIME=11:53:24,DATE=29/04/2026",sunny
29/04/2026,11:55:24,14,30.56,55.84,1013.51,4.17,"PM25=14,T=30.56,H=55.84,P=1013.51,UV=4.17,TIME=11:55:24,DATE=29/04/2026",sunny
29/04/2026,11:57:25,22,31.66,53.37,1013.48,13.6,"PM25=22,T=31.66,H=53.37,P=1013.48,UV=13.60,TIME=11:57:25,DATE=29/04/2026",sunny
29/04/2026,11:59:25,16,32.51,51.82,1013.43,6.91,"PM25=16,T=32.51,H=51.82,P=1013.43,UV=6.91,TIME=11:59:25,DATE=29/04/2026",sunny
29/04/2026,12:01:26,16,32.25,52.32,1013.37,6.83,"PM25=16,T=32.25,H=52.32,P=1013.37,UV=6.83,TIME=12:01:26,DATE=29/04/2026",sunny
29/04/2026,12:03:27,14,32.72,51.75,1013.33,6.64,"PM25=14,T=32.72,H=51.75,P=1013.33,UV=6.64,TIME=12:03:27,DATE=29/04/2026",sunny
29/04/2026,12:05:27,13,32.42,52.13,1013.21,6.57,"PM25=13,T=32.42,H=52.13,P=1013.21,UV=6.57,TIME=12:05:27,DATE=29/04/2026",sunny
29/04/2026,12:07:28,13,32.46,52.29,1013.23,6.64,"PM25=13,T=32.46,H=52.29,P=1013.23,UV=6.64,TIME=12:07:28,DATE=29/04/2026",sunny
29/04/2026,12:09:28,16,32.5,52.51,1013.24,6.66,"PM25=16,T=32.50,H=52.51,P=1013.24,UV=6.66,TIME=12:09:28,DATE=29/04/2026",sunny
29/04/2026,12:11:29,11,31.92,53.11,1013.23,6.5,"PM25=11,T=31.92,H=53.11,P=1013.23,UV=6.50,TIME=12:11:29,DATE=29/04/2026",sunny
29/04/2026,12:13:29,11,32.35,52.64,1013.19,6.45,"PM25=11,T=32.35,H=52.64,P=1013.19,UV=6.45,TIME=12:13:29,DATE=29/04/2026",sunny
29/04/2026,12:15:30,12,32.19,52.96,1013.12,6.45,"PM25=12,T=32.19,H=52.96,P=1013.12,UV=6.45,TIME=12:15:30,DATE=29/04/2026",sunny
29/04/2026,12:17:30,13,32.19,52.93,1013.08,6.41,"PM25=13,T=32.19,H=52.93,P=1013.08,UV=6.41,TIME=12:17:30,DATE=29/04/2026",sunny
29/04/2026,12:19:31,10,32.57,52.14,1013.04,6.34,"PM25=10,T=32.57,H=52.14,P=1013.04,UV=6.34,TIME=12:19:31,DATE=29/04/2026",sunny
29/04/2026,12:21:32,14,31.67,54.06,1012.94,6.34,"PM25=14,T=31.67,H=54.06,P=1012.94,UV=6.34,TIME=12:21:32,DATE=29/04/2026",sunny
29/04/2026,12:23:32,13,32.56,53.12,1012.95,6.54,"PM25=13,T=32.56,H=53.12,P=1012.95,UV=6.54,TIME=12:23:32,DATE=29/04/2026",sunny
29/04/2026,12:25:33,14,32.12,53.43,1012.89,6.31,"PM25=14,T=32.12,H=53.43,P=1012.89,UV=6.31,TIME=12:25:33,DATE=29/04/2026",sunny
29/04/2026,12:27:33,10,32.39,52.14,1012.9,6.18,"PM25=10,T=32.39,H=52.14,P=1012.90,UV=6.18,TIME=12:27:33,DATE=29/04/2026",sunny
29/04/2026,12:29:34,14,32.04,52.11,1012.86,6.15,"PM25=14,T=32.04,H=52.11,P=1012.86,UV=6.15,TIME=12:29:34,DATE=29/04/2026",sunny
29/04/2026,12:31:34,10,32.07,51.83,1012.79,6.18,"PM25=10,T=32.07,H=51.83,P=1012.79,UV=6.18,TIME=12:31:34,DATE=29/04/2026",sunny
29/04/2026,12:33:35,12,32.35,52,1012.76,6.16,"PM25=12,T=32.35,H=52.00,P=1012.76,UV=6.16,TIME=12:33:35,DATE=29/04/2026",sunny
29/04/2026,12:35:36,13,31.33,54.11,1012.66,3.59,"PM25=13,T=31.33,H=54.11,P=1012.66,UV=3.59,TIME=12:35:36,DATE=29/04/2026",normal
29/04/2026,12:37:36,11,31.03,55.04,1012.6,3.61,"PM25=11,T=31.03,H=55.04,P=1012.60,UV=3.61,TIME=12:37:36,DATE=29/04/2026",normal
29/04/2026,12:39:37,9,30.7,54.72,1012.5,3.62,"PM25=9,T=30.70,H=54.72,P=1012.50,UV=3.62,TIME=12:39:37,DATE=29/04/2026",normal
29/04/2026,12:41:37,12,30.85,54.7,1012.44,3.51,"PM25=12,T=30.85,H=54.70,P=1012.44,UV=3.51,TIME=12:41:37,DATE=29/04/2026",normal
29/04/2026,12:43:38,9,30.65,55.08,1012.42,3.51,"PM25=9,T=30.65,H=55.08,P=1012.42,UV=3.51,TIME=12:43:38,DATE=29/04/2026",normal
29/04/2026,12:45:38,8,30.82,52.35,1012.4,3.44,"PM25=8,T=30.82,H=52.35,P=1012.40,UV=3.44,TIME=12:45:38,DATE=29/04/2026",normal
29/04/2026,12:47:39,9,30.68,54.25,1012.36,3.41,"PM25=9,T=30.68,H=54.25,P=1012.36,UV=3.41,TIME=12:47:39,DATE=29/04/2026",normal
29/04/2026,12:49:40,9,30.56,53.81,1012.33,3.43,"PM25=9,T=30.56,H=53.81,P=1012.33,UV=3.43,TIME=12:49:40,DATE=29/04/2026",normal
29/04/2026,12:51:40,8,30.41,54.16,1012.21,3.42,"PM25=8,T=30.41,H=54.16,P=1012.21,UV=3.42,TIME=12:51:40,DATE=29/04/2026",normal
29/04/2026,12:53:41,8,30.84,53.5,1012.27,3.43,"PM25=8,T=30.84,H=53.50,P=1012.27,UV=3.43,TIME=12:53:41,DATE=29/04/2026",normal
29/04/2026,12:55:41,5,30.77,52.79,1012.22,3.42,"PM25=5,T=30.77,H=52.79,P=1012.22,UV=3.42,TIME=12:55:41,DATE=29/04/2026",normal
29/04/2026,12:57:42,9,30.76,53.51,1012.17,3.41,"PM25=9,T=30.76,H=53.51,P=1012.17,UV=3.41,TIME=12:57:42,DATE=29/04/2026",normal
29/04/2026,12:59:42,7,30.47,54.02,1012.1,3.4,"PM25=7,T=30.47,H=54.02,P=1012.10,UV=3.40,TIME=12:59:42,DATE=29/04/2026",normal
29/04/2026,13:01:43,10,30.65,53.52,1012.11,3.42,"PM25=10,T=30.65,H=53.52,P=1012.11,UV=3.42,TIME=13:01:43,DATE=29/04/2026",normal
29/04/2026,13:03:44,9,30.65,53,1012.15,3.43,"PM25=9,T=30.65,H=53.00,P=1012.15,UV=3.43,TIME=13:03:44,DATE=29/04/2026",normal
29/04/2026,13:05:44,8,30.77,52.37,1012.15,3.52,"PM25=8,T=30.77,H=52.37,P=1012.15,UV=3.52,TIME=13:05:44,DATE=29/04/2026",normal
29/04/2026,13:07:45,8,30.83,52.66,1012.16,3.48,"PM25=8,T=30.83,H=52.66,P=1012.16,UV=3.48,TIME=13:07:45,DATE=29/04/2026",normal
29/04/2026,13:09:45,7,30.85,53.76,1012.11,3.44,"PM25=7,T=30.85,H=53.76,P=1012.11,UV=3.44,TIME=13:09:45,DATE=29/04/2026",normal
29/04/2026,13:11:46,10,30.98,52.7,1012.05,3.42,"PM25=10,T=30.98,H=52.70,P=1012.05,UV=3.42,TIME=13:11:46,DATE=29/04/2026",normal
29/04/2026,13:13:46,7,30.87,53,1011.99,3.36,"PM25=7,T=30.87,H=53.00,P=1011.99,UV=3.36,TIME=13:13:46,DATE=29/04/2026",normal
29/04/2026,13:15:47,6,31.2,52.85,1012.02,3.39,"PM25=6,T=31.20,H=52.85,P=1012.02,UV=3.39,TIME=13:15:47,DATE=29/04/2026",normal
29/04/2026,13:17:48,9,31.06,52.92,1011.98,3.44,"PM25=9,T=31.06,H=52.92,P=1011.98,UV=3.44,TIME=13:17:48,DATE=29/04/2026",normal
29/04/2026,13:19:48,8,31.61,51.66,1011.98,3.38,"PM25=8,T=31.61,H=51.66,P=1011.98,UV=3.38,TIME=13:19:48,DATE=29/04/2026",normal
29/04/2026,13:21:49,7,31.41,51.89,1011.95,3.33,"PM25=7,T=31.41,H=51.89,P=1011.95,UV=3.33,TIME=13:21:49,DATE=29/04/2026",normal
29/04/2026,13:23:49,9,31.15,51.94,1011.97,3.34,"PM25=9,T=31.15,H=51.94,P=1011.97,UV=3.34,TIME=13:23:49,DATE=29/04/2026",normal
29/04/2026,13:25:50,8,31.15,51.59,1012.01,3.3,"PM25=8,T=31.15,H=51.59,P=1012.01,UV=3.30,TIME=13:25:50,DATE=29/04/2026",normal
29/04/2026,13:27:50,8,30.76,51.98,1011.96,3.34,"PM25=8,T=30.76,H=51.98,P=1011.96,UV=3.34,TIME=13:27:50,DATE=29/04/2026",normal
29/04/2026,13:29:51,9,31.35,51.63,1011.92,3.31,"PM25=9,T=31.35,H=51.63,P=1011.92,UV=3.31,TIME=13:29:51,DATE=29/04/2026",normal
29/04/2026,13:31:52,8,30.74,52.55,1011.86,3.32,"PM25=8,T=30.74,H=52.55,P=1011.86,UV=3.32,TIME=13:31:52,DATE=29/04/2026",normal
29/04/2026,13:33:52,8,30.75,54.17,1011.86,3.38,"PM25=8,T=30.75,H=54.17,P=1011.86,UV=3.38,TIME=13:33:52,DATE=29/04/2026",normal
29/04/2026,13:35:53,6,30.69,54.56,1011.81,3.26,"PM25=6,T=30.69,H=54.56,P=1011.81,UV=3.26,TIME=13:35:53,DATE=29/04/2026",normal
29/04/2026,13:37:53,9,30.88,52.79,1011.79,3.18,"PM25=9,T=30.88,H=52.79,P=1011.79,UV=3.18,TIME=13:37:53,DATE=29/04/2026",normal
29/04/2026,13:39:54,8,30.82,52.7,1011.75,3.16,"PM25=8,T=30.82,H=52.70,P=1011.75,UV=3.16,TIME=13:39:54,DATE=29/04/2026",normal
29/04/2026,13:41:54,7,30.64,54.2,1011.69,3.07,"PM25=7,T=30.64,H=54.20,P=1011.69,UV=3.07,TIME=13:41:54,DATE=29/04/2026",normal
29/04/2026,13:43:55,9,30.46,53.77,1011.63,3.04,"PM25=9,T=30.46,H=53.77,P=1011.63,UV=3.04,TIME=13:43:55,DATE=29/04/2026",normal
29/04/2026,13:45:55,8,30.18,54.57,1011.64,2.96,"PM25=8,T=30.18,H=54.57,P=1011.64,UV=2.96,TIME=13:45:55,DATE=29/04/2026",normal
29/04/2026,13:47:56,11,30.37,53.84,1011.58,2.95,"PM25=11,T=30.37,H=53.84,P=1011.58,UV=2.95,TIME=13:47:56,DATE=29/04/2026",normal
29/04/2026,13:49:57,9,30.6,53.91,1011.55,2.95,"PM25=9,T=30.60,H=53.91,P=1011.55,UV=2.95,TIME=13:49:57,DATE=29/04/2026",normal
29/04/2026,13:51:57,8,30.61,53.84,1011.54,2.97,"PM25=8,T=30.61,H=53.84,P=1011.54,UV=2.97,TIME=13:51:57,DATE=29/04/2026",normal
29/04/2026,13:53:58,8,30.82,53.97,1011.49,3.01,"PM25=8,T=30.82,H=53.97,P=1011.49,UV=3.01,TIME=13:53:58,DATE=29/04/2026",normal
29/04/2026,13:55:58,9,30.95,53.91,1011.43,2.94,"PM25=9,T=30.95,H=53.91,P=1011.43,UV=2.94,TIME=13:55:58,DATE=29/04/2026",normal
29/04/2026,13:57:59,9,30.77,54.26,1011.38,2.85,"PM25=9,T=30.77,H=54.26,P=1011.38,UV=2.85,TIME=13:57:59,DATE=29/04/2026",normal
29/04/2026,13:59:59,8,30.74,54.61,1011.38,2.84,"PM25=8,T=30.74,H=54.61,P=1011.38,UV=2.84,TIME=13:59:59,DATE=29/04/2026",normal
29/04/2026,14:02:00,8,30.48,55.21,1011.38,2.81,"PM25=8,T=30.48,H=55.21,P=1011.38,UV=2.81,TIME=14:02:00,DATE=29/04/2026",normal
29/04/2026,14:04:01,9,30.78,53.12,1011.31,2.84,"PM25=9,T=30.78,H=53.12,P=1011.31,UV=2.84,TIME=14:04:01,DATE=29/04/2026",normal
29/04/2026,14:06:01,10,30.57,53.81,1011.28,2.9,"PM25=10,T=30.57,H=53.81,P=1011.28,UV=2.90,TIME=14:06:01,DATE=29/04/2026",normal
29/04/2026,14:08:02,9,30.74,54,1011.28,2.86,"PM25=9,T=30.74,H=54.00,P=1011.28,UV=2.86,TIME=14:08:02,DATE=29/04/2026",normal
29/04/2026,14:10:02,10,30.42,54.4,1011.26,2.73,"PM25=10,T=30.42,H=54.40,P=1011.26,UV=2.73,TIME=14:10:02,DATE=29/04/2026",normal
29/04/2026,14:12:03,10,30.31,54.79,1011.18,2.68,"PM25=10,T=30.31,H=54.79,P=1011.18,UV=2.68,TIME=14:12:03,DATE=29/04/2026",normal
29/04/2026,14:14:03,10,30.42,54.51,1011.2,2.64,"PM25=10,T=30.42,H=54.51,P=1011.20,UV=2.64,TIME=14:14:03,DATE=29/04/2026",normal
29/04/2026,14:16:04,11,30.57,54.15,1011.23,2.69,"PM25=11,T=30.57,H=54.15,P=1011.23,UV=2.69,TIME=14:16:04,DATE=29/04/2026",normal
29/04/2026,14:18:05,10,30.74,54.7,1011.21,2.75,"PM25=10,T=30.74,H=54.70,P=1011.21,UV=2.75,TIME=14:18:05,DATE=29/04/2026",normal
29/04/2026,14:20:05,8,30.68,54.42,1011.17,2.73,"PM25=8,T=30.68,H=54.42,P=1011.17,UV=2.73,TIME=14:20:05,DATE=29/04/2026",normal
29/04/2026,14:22:06,9,30.6,54.58,1011.14,2.69,"PM25=9,T=30.60,H=54.58,P=1011.14,UV=2.69,TIME=14:22:06,DATE=29/04/2026",normal
29/04/2026,14:24:06,10,30.9,53.95,1011.08,2.72,"PM25=10,T=30.90,H=53.95,P=1011.08,UV=2.72,TIME=14:24:06,DATE=29/04/2026",normal
29/04/2026,14:26:07,9,30.82,53.99,1011.06,2.72,"PM25=9,T=30.82,H=53.99,P=1011.06,UV=2.72,TIME=14:26:07,DATE=29/04/2026",normal
29/04/2026,14:28:07,12,30.5,54.29,1011.08,2.73,"PM25=12,T=30.50,H=54.29,P=1011.08,UV=2.73,TIME=14:28:07,DATE=29/04/2026",normal
29/04/2026,14:30:08,10,30.36,53.91,1011.02,2.71,"PM25=10,T=30.36,H=53.91,P=1011.02,UV=2.71,TIME=14:30:08,DATE=29/04/2026",normal
29/04/2026,14:32:09,10,30.85,53.45,1011.04,2.68,"PM25=10,T=30.85,H=53.45,P=1011.04,UV=2.68,TIME=14:32:09,DATE=29/04/2026",normal
29/04/2026,14:34:09,10,30.64,54.15,1011.05,2.64,"PM25=10,T=30.64,H=54.15,P=1011.05,UV=2.64,TIME=14:34:09,DATE=29/04/2026",normal
29/04/2026,14:36:10,10,30.54,54.47,1011,2.6,"PM25=10,T=30.54,H=54.47,P=1011.00,UV=2.60,TIME=14:36:10,DATE=29/04/2026",normal
29/04/2026,14:38:10,10,30.63,54.56,1010.97,2.55,"PM25=10,T=30.63,H=54.56,P=1010.97,UV=2.55,TIME=14:38:10,DATE=29/04/2026",normal
29/04/2026,14:40:11,9,30.38,54.29,1010.88,2.59,"PM25=9,T=30.38,H=54.29,P=1010.88,UV=2.59,TIME=14:40:11,DATE=29/04/2026",normal
29/04/2026,14:42:11,9,30.35,54.41,1010.84,2.55,"PM25=9,T=30.35,H=54.41,P=1010.84,UV=2.55,TIME=14:42:11,DATE=29/04/2026",normal
29/04/2026,14:44:12,10,30.48,54.31,1010.82,2.5,"PM25=10,T=30.48,H=54.31,P=1010.82,UV=2.50,TIME=14:44:12,DATE=29/04/2026",normal
29/04/2026,14:46:13,11,30.4,54.63,1010.85,2.47,"PM25=11,T=30.40,H=54.63,P=1010.85,UV=2.47,TIME=14:46:13,DATE=29/04/2026",normal
29/04/2026,14:48:13,10,30.36,54.09,1010.84,2.47,"PM25=10,T=30.36,H=54.09,P=1010.84,UV=2.47,TIME=14:48:13,DATE=29/04/2026",normal
29/04/2026,14:50:14,9,30.77,53.54,1010.77,2.42,"PM25=9,T=30.77,H=53.54,P=1010.77,UV=2.42,TIME=14:50:14,DATE=29/04/2026",normal
29/04/2026,14:52:14,12,30.83,53.61,1010.71,2.41,"PM25=12,T=30.83,H=53.61,P=1010.71,UV=2.41,TIME=14:52:14,DATE=29/04/2026",normal
29/04/2026,14:54:15,11,30.84,53.56,1010.68,2.43,"PM25=11,T=30.84,H=53.56,P=1010.68,UV=2.43,TIME=14:54:15,DATE=29/04/2026",normal
29/04/2026,14:56:15,12,30.77,53.91,1010.65,2.38,"PM25=12,T=30.77,H=53.91,P=1010.65,UV=2.38,TIME=14:56:15,DATE=29/04/2026",normal
29/04/2026,14:58:16,11,30.62,54.4,1010.62,2.34,"PM25=11,T=30.62,H=54.40,P=1010.62,UV=2.34,TIME=14:58:16,DATE=29/04/2026",normal
29/04/2026,15:00:17,9,30.48,55.44,1010.68,2.32,"PM25=9,T=30.48,H=55.44,P=1010.68,UV=2.32,TIME=15:00:17,DATE=29/04/2026",normal
29/04/2026,15:02:17,11,30.99,54.39,1010.63,2.3,"PM25=11,T=30.99,H=54.39,P=1010.63,UV=2.30,TIME=15:02:17,DATE=29/04/2026",normal
29/04/2026,15:04:18,11,30.8,54.79,1010.62,2.27,"PM25=11,T=30.80,H=54.79,P=1010.62,UV=2.27,TIME=15:04:18,DATE=29/04/2026",normal
29/04/2026,15:06:18,11,30.03,56.43,1010.61,2.25,"PM25=11,T=30.03,H=56.43,P=1010.61,UV=2.25,TIME=15:06:18,DATE=29/04/2026",normal
29/04/2026,15:08:19,12,30.3,55.28,1010.6,2.23,"PM25=12,T=30.30,H=55.28,P=1010.60,UV=2.23,TIME=15:08:19,DATE=29/04/2026",normal
29/04/2026,15:10:19,10,30.24,54.77,1010.63,2.22,"PM25=10,T=30.24,H=54.77,P=1010.63,UV=2.22,TIME=15:10:19,DATE=29/04/2026",normal
29/04/2026,15:12:20,12,30.21,54.98,1010.63,2.19,"PM25=12,T=30.21,H=54.98,P=1010.63,UV=2.19,TIME=15:12:20,DATE=29/04/2026",normal
29/04/2026,15:14:21,11,30.12,55.33,1010.6,2.18,"PM25=11,T=30.12,H=55.33,P=1010.60,UV=2.18,TIME=15:14:21,DATE=29/04/2026",normal
29/04/2026,15:16:21,11,30.47,55.05,1010.61,1.94,"PM25=11,T=30.47,H=55.05,P=1010.61,UV=1.94,TIME=15:16:21,DATE=29/04/2026",normal
29/04/2026,15:18:22,15,30.34,55.38,1010.62,1.93,"PM25=15,T=30.34,H=55.38,P=1010.62,UV=1.93,TIME=15:18:22,DATE=29/04/2026",normal
29/04/2026,15:20:22,9,30.56,55.07,1010.58,1.93,"PM25=9,T=30.56,H=55.07,P=1010.58,UV=1.93,TIME=15:20:22,DATE=29/04/2026",normal
29/04/2026,15:22:23,12,30.59,57.12,1010.61,3.22,"PM25=12,T=30.59,H=57.12,P=1010.61,UV=3.22,TIME=15:22:23,DATE=29/04/2026",normal
29/04/2026,15:24:23,11,30.62,54.59,1010.63,3.18,"PM25=11,T=30.62,H=54.59,P=1010.63,UV=3.18,TIME=15:24:23,DATE=29/04/2026",normal
29/04/2026,15:26:24,10,30.81,54.22,1010.61,3.17,"PM25=10,T=30.81,H=54.22,P=1010.61,UV=3.17,TIME=15:26:24,DATE=29/04/2026",normal
29/04/2026,15:28:25,13,30.92,56.05,1010.57,3.11,"PM25=13,T=30.92,H=56.05,P=1010.57,UV=3.11,TIME=15:28:25,DATE=29/04/2026",normal
29/04/2026,15:30:25,13,30.68,54.9,1010.53,3.08,"PM25=13,T=30.68,H=54.90,P=1010.53,UV=3.08,TIME=15:30:25,DATE=29/04/2026",normal
29/04/2026,15:32:26,12,30.61,54.92,1010.51,3.04,"PM25=12,T=30.61,H=54.92,P=1010.51,UV=3.04,TIME=15:32:26,DATE=29/04/2026",normal
29/04/2026,15:34:26,11,30.62,54.53,1010.42,3,"PM25=11,T=30.62,H=54.53,P=1010.42,UV=3.00,TIME=15:34:26,DATE=29/04/2026",normal
29/04/2026,15:36:27,12,30.67,54.74,1010.38,2.94,"PM25=12,T=30.67,H=54.74,P=1010.38,UV=2.94,TIME=15:36:27,DATE=29/04/2026",normal
29/04/2026,15:38:27,11,30.56,55.41,1010.35,2.91,"PM25=11,T=30.56,H=55.41,P=1010.35,UV=2.91,TIME=15:38:27,DATE=29/04/2026",normal
29/04/2026,15:40:28,11,30.78,55.21,1010.32,2.92,"PM25=11,T=30.78,H=55.21,P=1010.32,UV=2.92,TIME=15:40:28,DATE=29/04/2026",normal
29/04/2026,15:42:29,14,30.88,57.49,1010.34,2.93,"PM25=14,T=30.88,H=57.49,P=1010.34,UV=2.93,TIME=15:42:29,DATE=29/04/2026",normal
29/04/2026,15:44:29,13,30.63,54.98,1010.26,2.85,"PM25=13,T=30.63,H=54.98,P=1010.26,UV=2.85,TIME=15:44:29,DATE=29/04/2026",normal
29/04/2026,15:46:30,16,30.39,55.16,1010.2,2.77,"PM25=16,T=30.39,H=55.16,P=1010.20,UV=2.77,TIME=15:46:30,DATE=29/04/2026",normal
29/04/2026,15:48:30,13,30.6,55.26,1010.2,2.63,"PM25=13,T=30.60,H=55.26,P=1010.20,UV=2.63,TIME=15:48:30,DATE=29/04/2026",normal
29/04/2026,15:50:31,14,30.22,55.75,1010.21,2.49,"PM25=14,T=30.22,H=55.75,P=1010.21,UV=2.49,TIME=15:50:31,DATE=29/04/2026",normal
29/04/2026,15:54:32,10,30.44,56.51,1010.2,2.55,"PM25=10,T=30.44,H=56.51,P=1010.20,UV=2.55,TIME=15:54:32,DATE=29/04/2026",normal
29/04/2026,15:56:33,13,30.1,56.33,1010.19,2.64,"PM25=13,T=30.10,H=56.33,P=1010.19,UV=2.64,TIME=15:56:33,DATE=29/04/2026",normal
29/04/2026,15:58:33,12,30.52,54.93,1010.2,2.72,"PM25=12,T=30.52,H=54.93,P=1010.20,UV=2.72,TIME=15:58:33,DATE=29/04/2026",normal
29/04/2026,16:00:34,13,30.53,55.2,1010.22,2.77,"PM25=13,T=30.53,H=55.20,P=1010.22,UV=2.77,TIME=16:00:34,DATE=29/04/2026",normal
29/04/2026,16:02:34,12,30.82,56.06,1010.24,2.8,"PM25=12,T=30.82,H=56.06,P=1010.24,UV=2.80,TIME=16:02:34,DATE=29/04/2026",normal
29/04/2026,16:06:35,13,30.72,54.94,1010.16,2.77,"PM25=13,T=30.72,H=54.94,P=1010.16,UV=2.77,TIME=16:06:35,DATE=29/04/2026",normal
29/04/2026,16:08:36,11,30.66,56.58,1010.19,2.73,"PM25=11,T=30.66,H=56.58,P=1010.19,UV=2.73,TIME=16:08:36,DATE=29/04/2026",normal
29/04/2026,16:10:37,11,30.62,56.32,1010.16,2.68,"PM25=11,T=30.62,H=56.32,P=1010.16,UV=2.68,TIME=16:10:37,DATE=29/04/2026",normal
29/04/2026,16:12:37,11,30.66,57.31,1010.19,2.62,"PM25=11,T=30.66,H=57.31,P=1010.19,UV=2.62,TIME=16:12:37,DATE=29/04/2026",normal
29/04/2026,16:14:38,11,30.89,55.46,1010.2,2.54,"PM25=11,T=30.89,H=55.46,P=1010.20,UV=2.54,TIME=16:14:38,DATE=29/04/2026",normal
29/04/2026,16:16:38,12,30.91,54.55,1010.26,2.47,"PM25=12,T=30.91,H=54.55,P=1010.26,UV=2.47,TIME=16:16:38,DATE=29/04/2026",normal
29/04/2026,16:18:39,13,30.62,55.12,1010.24,2.4,"PM25=13,T=30.62,H=55.12,P=1010.24,UV=2.40,TIME=16:18:39,DATE=29/04/2026",normal
29/04/2026,16:20:39,13,30.62,55.35,1010.23,2.35,"PM25=13,T=30.62,H=55.35,P=1010.23,UV=2.35,TIME=16:20:39,DATE=29/04/2026",normal
29/04/2026,16:22:40,13,30.64,55.07,1010.21,2.28,"PM25=13,T=30.64,H=55.07,P=1010.21,UV=2.28,TIME=16:22:40,DATE=29/04/2026",normal
29/04/2026,16:24:40,13,30.42,55.36,1010.21,2.23,"PM25=13,T=30.42,H=55.36,P=1010.21,UV=2.23,TIME=16:24:40,DATE=29/04/2026",normal
29/04/2026,16:26:41,14,30.45,56.85,1010.23,2.19,"PM25=14,T=30.45,H=56.85,P=1010.23,UV=2.19,TIME=16:26:41,DATE=29/04/2026",normal
29/04/2026,16:28:42,12,30.32,56.57,1010.21,2.15,"PM25=12,T=30.32,H=56.57,P=1010.21,UV=2.15,TIME=16:28:42,DATE=29/04/2026",normal
29/04/2026,16:30:42,14,30.24,55.77,1010.19,2.1,"PM25=14,T=30.24,H=55.77,P=1010.19,UV=2.10,TIME=16:30:42,DATE=29/04/2026",normal
29/04/2026,16:32:43,16,30.43,56.19,1010.17,2.05,"PM25=16,T=30.43,H=56.19,P=1010.17,UV=2.05,TIME=16:32:43,DATE=29/04/2026",normal
29/04/2026,16:34:43,14,30.38,56.33,1010.15,2.01,"PM25=14,T=30.38,H=56.33,P=1010.15,UV=2.01,TIME=16:34:43,DATE=29/04/2026",normal
29/04/2026,16:36:44,18,30.45,56.12,1010.18,1.97,"PM25=18,T=30.45,H=56.12,P=1010.18,UV=1.97,TIME=16:36:44,DATE=29/04/2026",normal
29/04/2026,16:38:44,16,30.46,55.87,1010.19,1.94,"PM25=16,T=30.46,H=55.87,P=1010.19,UV=1.94,TIME=16:38:44,DATE=29/04/2026",normal
29/04/2026,16:40:45,12,30.2,55.97,1010.21,1.9,"PM25=12,T=30.20,H=55.97,P=1010.21,UV=1.90,TIME=16:40:45,DATE=29/04/2026",normal
29/04/2026,16:42:46,18,29.93,56.61,1010.18,1.87,"PM25=18,T=29.93,H=56.61,P=1010.18,UV=1.87,TIME=16:42:46,DATE=29/04/2026",normal
29/04/2026,16:44:46,17,30.11,56.23,1010.14,1.83,"PM25=17,T=30.11,H=56.23,P=1010.14,UV=1.83,TIME=16:44:46,DATE=29/04/2026",normal
29/04/2026,16:46:47,14,30.02,57.07,1010.17,1.78,"PM25=14,T=30.02,H=57.07,P=1010.17,UV=1.78,TIME=16:46:47,DATE=29/04/2026",normal
29/04/2026,16:48:47,13,30.05,58.14,1010.2,1.73,"PM25=13,T=30.05,H=58.14,P=1010.20,UV=1.73,TIME=16:48:47,DATE=29/04/2026",normal
29/04/2026,16:50:48,19,30.14,57.03,1010.25,1.68,"PM25=19,T=30.14,H=57.03,P=1010.25,UV=1.68,TIME=16:50:48,DATE=29/04/2026",normal
29/04/2026,16:52:48,16,29.99,58.94,1010.27,1.65,"PM25=16,T=29.99,H=58.94,P=1010.27,UV=1.65,TIME=16:52:48,DATE=29/04/2026",normal
29/04/2026,16:54:49,15,29.87,58.66,1010.24,1.62,"PM25=15,T=29.87,H=58.66,P=1010.24,UV=1.62,TIME=16:54:49,DATE=29/04/2026",normal
29/04/2026,16:56:50,16,29.93,57.84,1010.23,1.58,"PM25=16,T=29.93,H=57.84,P=1010.23,UV=1.58,TIME=16:56:50,DATE=29/04/2026",normal
29/04/2026,16:58:50,19,29.89,57.56,1010.24,1.54,"PM25=19,T=29.89,H=57.56,P=1010.24,UV=1.54,TIME=16:58:50,DATE=29/04/2026",normal
29/04/2026,17:00:51,16,29.81,58.61,1010.23,1.51,"PM25=16,T=29.81,H=58.61,P=1010.23,UV=1.51,TIME=17:00:51,DATE=29/04/2026",normal
29/04/2026,17:02:51,23,29.9,60.3,1010.29,1.47,"PM25=23,T=29.90,H=60.30,P=1010.29,UV=1.47,TIME=17:02:51,DATE=29/04/2026",normal
29/04/2026,17:04:52,24,29.91,59.35,1010.32,1.43,"PM25=24,T=29.91,H=59.35,P=1010.32,UV=1.43,TIME=17:04:52,DATE=29/04/2026",normal
29/04/2026,17:06:52,21,29.9,59.79,1010.34,1.39,"PM25=21,T=29.90,H=59.79,P=1010.34,UV=1.39,TIME=17:06:52,DATE=29/04/2026",normal
29/04/2026,17:08:53,37,29.78,60.52,1010.32,1.35,"PM25=37,T=29.78,H=60.52,P=1010.32,UV=1.35,TIME=17:08:53,DATE=29/04/2026",normal
29/04/2026,17:10:54,31,29.77,59.38,1010.29,1.31,"PM25=31,T=29.77,H=59.38,P=1010.29,UV=1.31,TIME=17:10:54,DATE=29/04/2026",normal
29/04/2026,17:12:54,29,29.74,58.68,1010.29,1.27,"PM25=29,T=29.74,H=58.68,P=1010.29,UV=1.27,TIME=17:12:54,DATE=29/04/2026",normal
29/04/2026,17:14:55,20,29.55,59.11,1010.31,1.23,"PM25=20,T=29.55,H=59.11,P=1010.31,UV=1.23,TIME=17:14:55,DATE=29/04/2026",normal
29/04/2026,17:16:55,21,29.56,59.1,1010.33,1.18,"PM25=21,T=29.56,H=59.10,P=1010.33,UV=1.18,TIME=17:16:55,DATE=29/04/2026",normal
29/04/2026,17:18:56,23,29.59,59.23,1010.38,1.14,"PM25=23,T=29.59,H=59.23,P=1010.38,UV=1.14,TIME=17:18:56,DATE=29/04/2026",normal
29/04/2026,17:20:56,23,29.48,59.76,1010.43,1.1,"PM25=23,T=29.48,H=59.76,P=1010.43,UV=1.10,TIME=17:20:56,DATE=29/04/2026",normal
29/04/2026,17:22:57,33,29.42,61.06,1010.47,1.06,"PM25=33,T=29.42,H=61.06,P=1010.47,UV=1.06,TIME=17:22:57,DATE=29/04/2026",normal
29/04/2026,17:24:58,34,29.45,60.05,1010.48,1.01,"PM25=34,T=29.45,H=60.05,P=1010.48,UV=1.01,TIME=17:24:58,DATE=29/04/2026",normal
29/04/2026,17:26:58,34,29.41,60.09,1010.49,0.98,"PM25=34,T=29.41,H=60.09,P=1010.49,UV=0.98,TIME=17:26:58,DATE=29/04/2026",normal
29/04/2026,17:28:59,32,29.48,60.92,1010.49,0.92,"PM25=32,T=29.48,H=60.92,P=1010.49,UV=0.92,TIME=17:28:59,DATE=29/04/2026",normal
29/04/2026,17:30:59,34,29.47,60.86,1010.49,0.88,"PM25=34,T=29.47,H=60.86,P=1010.49,UV=0.88,TIME=17:30:59,DATE=29/04/2026",normal
29/04/2026,17:33:00,29,29.42,61.46,1010.52,0.82,"PM25=29,T=29.42,H=61.46,P=1010.52,UV=0.82,TIME=17:33:00,DATE=29/04/2026",normal
29/04/2026,17:35:00,28,29.41,60.79,1010.55,0.78,"PM25=28,T=29.41,H=60.79,P=1010.55,UV=0.78,TIME=17:35:00,DATE=29/04/2026",normal
29/04/2026,17:37:01,28,29.38,61.56,1010.55,0.72,"PM25=28,T=29.38,H=61.56,P=1010.55,UV=0.72,TIME=17:37:01,DATE=29/04/2026",normal
29/04/2026,17:39:02,28,29.36,61.33,1010.58,0.68,"PM25=28,T=29.36,H=61.33,P=1010.58,UV=0.68,TIME=17:39:02,DATE=29/04/2026",normal
29/04/2026,17:41:02,27,29.13,61.29,1010.63,0.65,"PM25=27,T=29.13,H=61.29,P=1010.63,UV=0.65,TIME=17:41:02,DATE=29/04/2026",normal
29/04/2026,17:43:03,23,29.18,61.29,1010.66,0.6,"PM25=23,T=29.18,H=61.29,P=1010.66,UV=0.60,TIME=17:43:03,DATE=29/04/2026",normal
29/04/2026,17:45:03,21,28.87,61.12,1010.74,0.56,"PM25=21,T=28.87,H=61.12,P=1010.74,UV=0.56,TIME=17:45:03,DATE=29/04/2026",normal
29/04/2026,17:47:04,23,28.89,61.13,1010.77,0.53,"PM25=23,T=28.89,H=61.13,P=1010.77,UV=0.53,TIME=17:47:04,DATE=29/04/2026",normal
29/04/2026,17:49:04,25,28.77,61.21,1010.83,0.5,"PM25=25,T=28.77,H=61.21,P=1010.83,UV=0.50,TIME=17:49:04,DATE=29/04/2026",normal
29/04/2026,17:51:05,26,28.81,62.09,1010.88,0.46,"PM25=26,T=28.81,H=62.09,P=1010.88,UV=0.46,TIME=17:51:05,DATE=29/04/2026",normal
29/04/2026,17:53:06,24,28.92,61.16,1010.94,0.43,"PM25=24,T=28.92,H=61.16,P=1010.94,UV=0.43,TIME=17:53:06,DATE=29/04/2026",normal
29/04/2026,17:55:06,28,28.89,61.43,1010.93,0.39,"PM25=28,T=28.89,H=61.43,P=1010.93,UV=0.39,TIME=17:55:06,DATE=29/04/2026",normal
29/04/2026,17:57:07,27,29,62.31,1010.96,0.36,"PM25=27,T=29.00,H=62.31,P=1010.96,UV=0.36,TIME=17:57:07,DATE=29/04/2026",normal
29/04/2026,17:59:07,24,29.06,62.23,1010.99,0.33,"PM25=24,T=29.06,H=62.23,P=1010.99,UV=0.33,TIME=17:59:07,DATE=29/04/2026",normal
29/04/2026,18:01:08,22,28.93,61.73,1010.95,0.3,"PM25=22,T=28.93,H=61.73,P=1010.95,UV=0.30,TIME=18:01:08,DATE=29/04/2026",normal
29/04/2026,18:03:08,22,28.77,62.08,1010.96,0.27,"PM25=22,T=28.77,H=62.08,P=1010.96,UV=0.27,TIME=18:03:08,DATE=29/04/2026",normal
29/04/2026,18:05:09,21,28.81,62.15,1010.97,0.23,"PM25=21,T=28.81,H=62.15,P=1010.97,UV=0.23,TIME=18:05:09,DATE=29/04/2026",normal
29/04/2026,18:07:10,23,28.81,61.38,1011,0.21,"PM25=23,T=28.81,H=61.38,P=1011.00,UV=0.21,TIME=18:07:10,DATE=29/04/2026",normal
29/04/2026,18:09:10,21,28.73,62.2,1011.04,0.18,"PM25=21,T=28.73,H=62.20,P=1011.04,UV=0.18,TIME=18:09:10,DATE=29/04/2026",normal
29/04/2026,18:11:11,22,28.74,61.54,1011.08,0.15,"PM25=22,T=28.74,H=61.54,P=1011.08,UV=0.15,TIME=18:11:11,DATE=29/04/2026",normal
29/04/2026,18:13:11,23,28.75,62.57,1011.12,0.13,"PM25=23,T=28.75,H=62.57,P=1011.12,UV=0.13,TIME=18:13:11,DATE=29/04/2026",normal
29/04/2026,18:15:12,22,28.69,62.21,1011.16,0.1,"PM25=22,T=28.69,H=62.21,P=1011.16,UV=0.10,TIME=18:15:12,DATE=29/04/2026",normal
29/04/2026,18:17:12,25,28.69,63.44,1011.2,0.09,"PM25=25,T=28.69,H=63.44,P=1011.20,UV=0.09,TIME=18:17:12,DATE=29/04/2026",normal
29/04/2026,18:19:13,24,28.63,63.16,1011.23,0.07,"PM25=24,T=28.63,H=63.16,P=1011.23,UV=0.07,TIME=18:19:13,DATE=29/04/2026",normal
29/04/2026,18:21:14,30,28.64,63.15,1011.25,0.05,"PM25=30,T=28.64,H=63.15,P=1011.25,UV=0.05,TIME=18:21:14,DATE=29/04/2026",normal
29/04/2026,18:23:14,28,28.58,62.8,1011.28,0.04,"PM25=28,T=28.58,H=62.80,P=1011.28,UV=0.04,TIME=18:23:14,DATE=29/04/2026",normal
29/04/2026,18:25:15,32,28.53,63.61,1011.31,0.03,"PM25=32,T=28.53,H=63.61,P=1011.31,UV=0.03,TIME=18:25:15,DATE=29/04/2026",normal
29/04/2026,18:27:15,28,28.53,64.1,1011.31,0.02,"PM25=28,T=28.53,H=64.10,P=1011.31,UV=0.02,TIME=18:27:15,DATE=29/04/2026",normal
29/04/2026,18:29:16,27,28.43,64.1,1011.29,0.01,"PM25=27,T=28.43,H=64.10,P=1011.29,UV=0.01,TIME=18:29:16,DATE=29/04/2026",normal
29/04/2026,18:31:16,23,28.34,64.22,1011.29,0.01,"PM25=23,T=28.34,H=64.22,P=1011.29,UV=0.01,TIME=18:31:16,DATE=29/04/2026",normal
29/04/2026,18:33:17,25,28.34,63.78,1011.29,0,"PM25=25,T=28.34,H=63.78,P=1011.29,UV=0.00,TIME=18:33:17,DATE=29/04/2026",normal
29/04/2026,18:35:18,27,28.33,63.79,1011.26,0,"PM25=27,T=28.33,H=63.79,P=1011.26,UV=0.00,TIME=18:35:18,DATE=29/04/2026",normal
29/04/2026,18:37:18,28,28.3,64.25,1011.29,0,"PM25=28,T=28.30,H=64.25,P=1011.29,UV=0.00,TIME=18:37:18,DATE=29/04/2026",normal
29/04/2026,18:39:19,28,28.34,64.49,1011.3,0,"PM25=28,T=28.34,H=64.49,P=1011.30,UV=0.00,TIME=18:39:19,DATE=29/04/2026",normal
29/04/2026,18:41:19,27,28.27,64.62,1011.34,0,"PM25=27,T=28.27,H=64.62,P=1011.34,UV=0.00,TIME=18:41:19,DATE=29/04/2026",normal
29/04/2026,18:43:20,27,28.28,64.44,1011.35,0,"PM25=27,T=28.28,H=64.44,P=1011.35,UV=0.00,TIME=18:43:20,DATE=29/04/2026",normal
29/04/2026,18:45:20,26,28.26,64.64,1011.39,0,"PM25=26,T=28.26,H=64.64,P=1011.39,UV=0.00,TIME=18:45:20,DATE=29/04/2026",normal
29/04/2026,18:47:21,26,28.23,64.34,1011.46,0,"PM25=26,T=28.23,H=64.34,P=1011.46,UV=0.00,TIME=18:47:21,DATE=29/04/2026",normal
29/04/2026,18:49:22,26,28.23,65.71,1011.47,0,"PM25=26,T=28.23,H=65.71,P=1011.47,UV=0.00,TIME=18:49:22,DATE=29/04/2026",normal
29/04/2026,18:51:22,28,28.25,64.9,1011.49,0,"PM25=28,T=28.25,H=64.90,P=1011.49,UV=0.00,TIME=18:51:22,DATE=29/04/2026",normal
29/04/2026,18:53:23,28,28.17,64.9,1011.53,0,"PM25=28,T=28.17,H=64.90,P=1011.53,UV=0.00,TIME=18:53:23,DATE=29/04/2026",normal
29/04/2026,18:55:23,28,28.21,65.41,1011.54,0,"PM25=28,T=28.21,H=65.41,P=1011.54,UV=0.00,TIME=18:55:23,DATE=29/04/2026",normal
29/04/2026,18:57:24,29,28.2,64.9,1011.58,0,"PM25=29,T=28.20,H=64.90,P=1011.58,UV=0.00,TIME=18:57:24,DATE=29/04/2026",normal
29/04/2026,18:59:24,29,28.09,64.82,1011.59,0,"PM25=29,T=28.09,H=64.82,P=1011.59,UV=0.00,TIME=18:59:24,DATE=29/04/2026",normal
29/04/2026,19:01:25,27,28.11,65.27,1011.6,0,"PM25=27,T=28.11,H=65.27,P=1011.60,UV=0.00,TIME=19:01:25,DATE=29/04/2026",normal
29/04/2026,19:03:26,27,28.07,64.78,1011.6,0,"PM25=27,T=28.07,H=64.78,P=1011.60,UV=0.00,TIME=19:03:26,DATE=29/04/2026",normal
29/04/2026,19:05:26,27,28.05,65.19,1011.66,0,"PM25=27,T=28.05,H=65.19,P=1011.66,UV=0.00,TIME=19:05:26,DATE=29/04/2026",normal
29/04/2026,19:07:27,29,28.1,65.49,1011.68,0,"PM25=29,T=28.10,H=65.49,P=1011.68,UV=0.00,TIME=19:07:27,DATE=29/04/2026",normal
29/04/2026,19:09:27,26,28.02,65.53,1011.68,0,"PM25=26,T=28.02,H=65.53,P=1011.68,UV=0.00,TIME=19:09:27,DATE=29/04/2026",normal
29/04/2026,19:11:28,29,27.99,65.96,1011.7,0,"PM25=29,T=27.99,H=65.96,P=1011.70,UV=0.00,TIME=19:11:28,DATE=29/04/2026",normal
29/04/2026,19:13:28,33,27.99,65.58,1011.76,0,"PM25=33,T=27.99,H=65.58,P=1011.76,UV=0.00,TIME=19:13:28,DATE=29/04/2026",normal
29/04/2026,19:15:07,31,27.85,66,1011.79,0,"PM25=31,T=27.85,H=66.00,P=1011.79,UV=0.00,TIME=19:15:07,DATE=29/04/2026",normal
29/04/2026,19:17:07,31,27.79,66.43,1011.76,0,"PM25=31,T=27.79,H=66.43,P=1011.76,UV=0.00,TIME=19:17:07,DATE=29/04/2026",normal
29/04/2026,19:19:08,29,27.72,67.23,1011.8,0,"PM25=29,T=27.72,H=67.23,P=1011.80,UV=0.00,TIME=19:19:08,DATE=29/04/2026",normal
29/04/2026,19:21:09,32,27.78,68.27,1011.85,0,"PM25=32,T=27.78,H=68.27,P=1011.85,UV=0.00,TIME=19:21:09,DATE=29/04/2026",normal
29/04/2026,19:23:09,33,27.69,67.88,1011.87,0,"PM25=33,T=27.69,H=67.88,P=1011.87,UV=0.00,TIME=19:23:09,DATE=29/04/2026",normal
29/04/2026,19:25:10,36,27.71,66.6,1011.9,0,"PM25=36,T=27.71,H=66.60,P=1011.90,UV=0.00,TIME=19:25:10,DATE=29/04/2026",normal
29/04/2026,19:27:10,48,27.72,66.69,1011.92,0,"PM25=48,T=27.72,H=66.69,P=1011.92,UV=0.00,TIME=19:27:10,DATE=29/04/2026",normal
29/04/2026,19:29:11,48,27.76,68.16,1011.91,0,"PM25=48,T=27.76,H=68.16,P=1011.91,UV=0.00,TIME=19:29:11,DATE=29/04/2026",normal
29/04/2026,19:31:11,52,27.72,67.09,1011.92,0,"PM25=52,T=27.72,H=67.09,P=1011.92,UV=0.00,TIME=19:31:11,DATE=29/04/2026",normal
29/04/2026,19:33:12,58,27.69,68.05,1011.95,0,"PM25=58,T=27.69,H=68.05,P=1011.95,UV=0.00,TIME=19:33:12,DATE=29/04/2026",normal
29/04/2026,19:35:13,71,27.83,67.01,1011.99,0,"PM25=71,T=27.83,H=67.01,P=1011.99,UV=0.00,TIME=19:35:13,DATE=29/04/2026",normal
29/04/2026,19:37:13,72,27.86,66.37,1012.07,0,"PM25=72,T=27.86,H=66.37,P=1012.07,UV=0.00,TIME=19:37:13,DATE=29/04/2026",normal
29/04/2026,19:39:14,59,27.74,66.16,1012.12,0,"PM25=59,T=27.74,H=66.16,P=1012.12,UV=0.00,TIME=19:39:14,DATE=29/04/2026",normal
29/04/2026,19:41:14,53,27.74,66.56,1012.19,0,"PM25=53,T=27.74,H=66.56,P=1012.19,UV=0.00,TIME=19:41:14,DATE=29/04/2026",normal
29/04/2026,19:43:15,52,27.85,66.06,1012.25,0,"PM25=52,T=27.85,H=66.06,P=1012.25,UV=0.00,TIME=19:43:15,DATE=29/04/2026",normal
29/04/2026,19:45:15,56,27.59,66.95,1012.32,0,"PM25=56,T=27.59,H=66.95,P=1012.32,UV=0.00,TIME=19:45:15,DATE=29/04/2026",normal
29/04/2026,19:47:16,51,27.61,66.15,1012.38,0,"PM25=51,T=27.61,H=66.15,P=1012.38,UV=0.00,TIME=19:47:16,DATE=29/04/2026",normal
29/04/2026,19:49:17,47,27.67,65.51,1012.41,0,"PM25=47,T=27.67,H=65.51,P=1012.41,UV=0.00,TIME=19:49:17,DATE=29/04/2026",normal
29/04/2026,19:51:17,44,27.61,65.43,1012.51,0,"PM25=44,T=27.61,H=65.43,P=1012.51,UV=0.00,TIME=19:51:17,DATE=29/04/2026",normal
29/04/2026,19:53:18,45,27.6,65.67,1012.53,0,"PM25=45,T=27.60,H=65.67,P=1012.53,UV=0.00,TIME=19:53:18,DATE=29/04/2026",normal
29/04/2026,19:55:18,50,27.59,65.88,1012.6,0,"PM25=50,T=27.59,H=65.88,P=1012.60,UV=0.00,TIME=19:55:18,DATE=29/04/2026",normal
29/04/2026,19:57:19,51,27.55,66.46,1012.64,0,"PM25=51,T=27.55,H=66.46,P=1012.64,UV=0.00,TIME=19:57:19,DATE=29/04/2026",normal
29/04/2026,19:59:19,54,27.46,67.2,1012.7,0,"PM25=54,T=27.46,H=67.20,P=1012.70,UV=0.00,TIME=19:59:19,DATE=29/04/2026",normal
29/04/2026,20:01:20,49,27.25,67.95,1012.78,0,"PM25=49,T=27.25,H=67.95,P=1012.78,UV=0.00,TIME=20:01:20,DATE=29/04/2026",normal
29/04/2026,20:03:21,47,27.14,68.15,1012.84,0,"PM25=47,T=27.14,H=68.15,P=1012.84,UV=0.00,TIME=20:03:21,DATE=29/04/2026",normal
29/04/2026,20:05:21,52,27.01,69.09,1012.82,0,"PM25=52,T=27.01,H=69.09,P=1012.82,UV=0.00,TIME=20:05:21,DATE=29/04/2026",normal
29/04/2026,20:07:22,51,27.09,68.92,1012.88,0,"PM25=51,T=27.09,H=68.92,P=1012.88,UV=0.00,TIME=20:07:22,DATE=29/04/2026",normal
29/04/2026,20:09:22,49,27.14,68.75,1012.91,0,"PM25=49,T=27.14,H=68.75,P=1012.91,UV=0.00,TIME=20:09:22,DATE=29/04/2026",normal
29/04/2026,20:11:23,46,27.08,67.97,1012.96,0,"PM25=46,T=27.08,H=67.97,P=1012.96,UV=0.00,TIME=20:11:23,DATE=29/04/2026",normal
29/04/2026,20:13:23,49,27.01,67.39,1012.94,0,"PM25=49,T=27.01,H=67.39,P=1012.94,UV=0.00,TIME=20:13:23,DATE=29/04/2026",normal
29/04/2026,20:15:24,67,27.13,67.5,1013,0,"PM25=67,T=27.13,H=67.50,P=1013.00,UV=0.00,TIME=20:15:24,DATE=29/04/2026",normal
29/04/2026,20:17:25,55,27.3,66.99,1013.11,0,"PM25=55,T=27.30,H=66.99,P=1013.11,UV=0.00,TIME=20:17:25,DATE=29/04/2026",normal
29/04/2026,20:19:25,51,27.19,67.57,1013.2,0,"PM25=51,T=27.19,H=67.57,P=1013.20,UV=0.00,TIME=20:19:25,DATE=29/04/2026",normal
29/04/2026,20:21:26,52,27.31,66.63,1013.23,0,"PM25=52,T=27.31,H=66.63,P=1013.23,UV=0.00,TIME=20:21:26,DATE=29/04/2026",normal
29/04/2026,20:23:26,51,27.31,66.25,1013.28,0,"PM25=51,T=27.31,H=66.25,P=1013.28,UV=0.00,TIME=20:23:26,DATE=29/04/2026",normal
29/04/2026,20:25:27,50,27.18,65.61,1013.33,0,"PM25=50,T=27.18,H=65.61,P=1013.33,UV=0.00,TIME=20:25:27,DATE=29/04/2026",normal
29/04/2026,20:27:27,48,27.11,66.38,1013.42,0,"PM25=48,T=27.11,H=66.38,P=1013.42,UV=0.00,TIME=20:27:27,DATE=29/04/2026",normal
29/04/2026,20:29:28,47,27.16,66.67,1013.5,0,"PM25=47,T=27.16,H=66.67,P=1013.50,UV=0.00,TIME=20:29:28,DATE=29/04/2026",normal
29/04/2026,20:31:29,48,26.78,65.64,1013.56,0,"PM25=48,T=26.78,H=65.64,P=1013.56,UV=0.00,TIME=20:31:29,DATE=29/04/2026",normal
29/04/2026,20:33:29,49,26.86,65.49,1013.59,0,"PM25=49,T=26.86,H=65.49,P=1013.59,UV=0.00,TIME=20:33:29,DATE=29/04/2026",normal
29/04/2026,20:35:30,48,26.83,65.79,1013.68,0,"PM25=48,T=26.83,H=65.79,P=1013.68,UV=0.00,TIME=20:35:30,DATE=29/04/2026",normal
29/04/2026,20:37:30,48,27.06,65.46,1013.73,0,"PM25=48,T=27.06,H=65.46,P=1013.73,UV=0.00,TIME=20:37:30,DATE=29/04/2026",normal
29/04/2026,20:39:31,45,27.57,65.27,1013.82,0,"PM25=45,T=27.57,H=65.27,P=1013.82,UV=0.00,TIME=20:39:31,DATE=29/04/2026",normal
29/04/2026,20:41:31,49,27.4,62.99,1013.84,0,"PM25=49,T=27.40,H=62.99,P=1013.84,UV=0.00,TIME=20:41:31,DATE=29/04/2026",normal
29/04/2026,20:43:32,56,27.26,63.75,1013.82,0,"PM25=56,T=27.26,H=63.75,P=1013.82,UV=0.00,TIME=20:43:32,DATE=29/04/2026",normal
29/04/2026,20:45:33,52,27.11,63.23,1013.83,0,"PM25=52,T=27.11,H=63.23,P=1013.83,UV=0.00,TIME=20:45:33,DATE=29/04/2026",normal
29/04/2026,20:47:33,54,27.25,63.6,1013.88,0,"PM25=54,T=27.25,H=63.60,P=1013.88,UV=0.00,TIME=20:47:33,DATE=29/04/2026",normal
29/04/2026,20:49:34,50,27.12,63.69,1013.93,0,"PM25=50,T=27.12,H=63.69,P=1013.93,UV=0.00,TIME=20:49:34,DATE=29/04/2026",normal
29/04/2026,20:51:34,50,27.15,63.28,1013.94,0,"PM25=50,T=27.15,H=63.28,P=1013.94,UV=0.00,TIME=20:51:34,DATE=29/04/2026",normal
29/04/2026,20:53:35,45,27.1,63.63,1013.95,0,"PM25=45,T=27.10,H=63.63,P=1013.95,UV=0.00,TIME=20:53:35,DATE=29/04/2026",normal
29/04/2026,20:55:35,41,26.95,63.49,1013.9,0,"PM25=41,T=26.95,H=63.49,P=1013.90,UV=0.00,TIME=20:55:35,DATE=29/04/2026",normal
29/04/2026,20:57:36,41,27.13,64.78,1013.97,0,"PM25=41,T=27.13,H=64.78,P=1013.97,UV=0.00,TIME=20:57:36,DATE=29/04/2026",normal
29/04/2026,20:59:37,44,27.39,64.15,1014.04,0,"PM25=44,T=27.39,H=64.15,P=1014.04,UV=0.00,TIME=20:59:37,DATE=29/04/2026",normal
29/04/2026,21:01:37,40,27.25,62.81,1014.13,0,"PM25=40,T=27.25,H=62.81,P=1014.13,UV=0.00,TIME=21:01:37,DATE=29/04/2026",normal
29/04/2026,21:03:38,40,27.06,63,1014.17,0,"PM25=40,T=27.06,H=63.00,P=1014.17,UV=0.00,TIME=21:03:38,DATE=29/04/2026",normal
29/04/2026,21:05:38,41,27.01,62.73,1014.23,0,"PM25=41,T=27.01,H=62.73,P=1014.23,UV=0.00,TIME=21:05:38,DATE=29/04/2026",normal
29/04/2026,21:07:39,37,27.16,62.97,1014.24,0,"PM25=37,T=27.16,H=62.97,P=1014.24,UV=0.00,TIME=21:07:39,DATE=29/04/2026",normal
29/04/2026,21:09:39,40,27.16,62.93,1014.28,0,"PM25=40,T=27.16,H=62.93,P=1014.28,UV=0.00,TIME=21:09:39,DATE=29/04/2026",normal
29/04/2026,21:11:40,39,27.04,62.93,1014.28,0,"PM25=39,T=27.04,H=62.93,P=1014.28,UV=0.00,TIME=21:11:40,DATE=29/04/2026",normal
29/04/2026,21:13:41,39,27.05,63.17,1014.28,0,"PM25=39,T=27.05,H=63.17,P=1014.28,UV=0.00,TIME=21:13:41,DATE=29/04/2026",normal
29/04/2026,21:15:41,40,27.08,62.73,1014.32,0,"PM25=40,T=27.08,H=62.73,P=1014.32,UV=0.00,TIME=21:15:41,DATE=29/04/2026",normal
29/04/2026,21:17:42,41,27.01,62.92,1014.37,0,"PM25=41,T=27.01,H=62.92,P=1014.37,UV=0.00,TIME=21:17:42,DATE=29/04/2026",normal
29/04/2026,21:19:42,43,27.02,63.22,1014.38,0,"PM25=43,T=27.02,H=63.22,P=1014.38,UV=0.00,TIME=21:19:42,DATE=29/04/2026",normal
29/04/2026,21:21:43,46,27.09,63.18,1014.47,0,"PM25=46,T=27.09,H=63.18,P=1014.47,UV=0.00,TIME=21:21:43,DATE=29/04/2026",normal
29/04/2026,21:23:43,46,26.8,63.94,1014.53,0,"PM25=46,T=26.80,H=63.94,P=1014.53,UV=0.00,TIME=21:23:43,DATE=29/04/2026",normal
29/04/2026,21:25:44,52,26.82,63.97,1014.6,0,"PM25=52,T=26.82,H=63.97,P=1014.60,UV=0.00,TIME=21:25:44,DATE=29/04/2026",normal
29/04/2026,21:27:45,52,26.75,64.17,1014.6,0,"PM25=52,T=26.75,H=64.17,P=1014.60,UV=0.00,TIME=21:27:45,DATE=29/04/2026",normal
29/04/2026,21:29:45,51,26.59,64.4,1014.56,0,"PM25=51,T=26.59,H=64.40,P=1014.56,UV=0.00,TIME=21:29:45,DATE=29/04/2026",normal
29/04/2026,21:31:46,48,26.87,63.94,1014.56,0,"PM25=48,T=26.87,H=63.94,P=1014.56,UV=0.00,TIME=21:31:46,DATE=29/04/2026",normal
29/04/2026,21:33:46,47,26.79,63.92,1014.56,0,"PM25=47,T=26.79,H=63.92,P=1014.56,UV=0.00,TIME=21:33:46,DATE=29/04/2026",normal
29/04/2026,21:35:47,47,26.88,63.85,1014.6,0,"PM25=47,T=26.88,H=63.85,P=1014.60,UV=0.00,TIME=21:35:47,DATE=29/04/2026",normal
29/04/2026,21:37:47,42,26.84,63.83,1014.6,0,"PM25=42,T=26.84,H=63.83,P=1014.60,UV=0.00,TIME=21:37:47,DATE=29/04/2026",normal
29/04/2026,21:39:48,43,26.84,63.88,1014.58,0,"PM25=43,T=26.84,H=63.88,P=1014.58,UV=0.00,TIME=21:39:48,DATE=29/04/2026",normal
29/04/2026,21:41:49,42,27,63.76,1014.58,0,"PM25=42,T=27.00,H=63.76,P=1014.58,UV=0.00,TIME=21:41:49,DATE=29/04/2026",normal
29/04/2026,21:43:49,40,26.9,63.56,1014.66,0,"PM25=40,T=26.90,H=63.56,P=1014.66,UV=0.00,TIME=21:43:49,DATE=29/04/2026",normal
29/04/2026,21:45:50,37,26.69,64.03,1014.69,0,"PM25=37,T=26.69,H=64.03,P=1014.69,UV=0.00,TIME=21:45:50,DATE=29/04/2026",normal
29/04/2026,21:47:50,40,26.87,63.83,1014.75,0,"PM25=40,T=26.87,H=63.83,P=1014.75,UV=0.00,TIME=21:47:50,DATE=29/04/2026",normal
29/04/2026,21:49:51,36,26.65,64.28,1014.74,0,"PM25=36,T=26.65,H=64.28,P=1014.74,UV=0.00,TIME=21:49:51,DATE=29/04/2026",normal
29/04/2026,21:51:51,35,26.65,64.19,1014.76,0,"PM25=35,T=26.65,H=64.19,P=1014.76,UV=0.00,TIME=21:51:51,DATE=29/04/2026",normal
29/04/2026,21:53:52,30,26.64,64.24,1014.78,0,"PM25=30,T=26.64,H=64.24,P=1014.78,UV=0.00,TIME=21:53:52,DATE=29/04/2026",normal
29/04/2026,21:55:53,29,26.57,64.13,1014.78,0,"PM25=29,T=26.57,H=64.13,P=1014.78,UV=0.00,TIME=21:55:53,DATE=29/04/2026",normal
29/04/2026,21:57:53,31,26.57,64.13,1014.75,0,"PM25=31,T=26.57,H=64.13,P=1014.75,UV=0.00,TIME=21:57:53,DATE=29/04/2026",normal
29/04/2026,21:59:54,28,26.68,63.93,1014.8,0,"PM25=28,T=26.68,H=63.93,P=1014.80,UV=0.00,TIME=21:59:54,DATE=29/04/2026",normal
29/04/2026,22:01:54,32,26.73,64.11,1014.86,0,"PM25=32,T=26.73,H=64.11,P=1014.86,UV=0.00,TIME=22:01:54,DATE=29/04/2026",normal
29/04/2026,22:03:55,30,26.66,64.09,1014.9,0,"PM25=30,T=26.66,H=64.09,P=1014.90,UV=0.00,TIME=22:03:55,DATE=29/04/2026",normal
29/04/2026,22:05:56,31,26.63,64.13,1014.96,0,"PM25=31,T=26.63,H=64.13,P=1014.96,UV=0.00,TIME=22:05:56,DATE=29/04/2026",normal
29/04/2026,22:07:56,29,26.6,64.36,1014.99,0,"PM25=29,T=26.60,H=64.36,P=1014.99,UV=0.00,TIME=22:07:56,DATE=29/04/2026",normal
29/04/2026,22:09:57,29,26.71,64.01,1015.06,0,"PM25=29,T=26.71,H=64.01,P=1015.06,UV=0.00,TIME=22:09:57,DATE=29/04/2026",normal
29/04/2026,22:11:57,29,26.75,63.86,1015.09,0,"PM25=29,T=26.75,H=63.86,P=1015.09,UV=0.00,TIME=22:11:57,DATE=29/04/2026",normal
29/04/2026,22:13:58,27,26.76,63.48,1015.07,0,"PM25=27,T=26.76,H=63.48,P=1015.07,UV=0.00,TIME=22:13:58,DATE=29/04/2026",normal
29/04/2026,22:15:58,28,26.8,63.53,1015.09,0,"PM25=28,T=26.80,H=63.53,P=1015.09,UV=0.00,TIME=22:15:58,DATE=29/04/2026",normal
29/04/2026,22:17:59,30,26.94,63.56,1015.13,0,"PM25=30,T=26.94,H=63.56,P=1015.13,UV=0.00,TIME=22:17:59,DATE=29/04/2026",normal
29/04/2026,22:20:00,29,26.73,63.35,1015.14,0,"PM25=29,T=26.73,H=63.35,P=1015.14,UV=0.00,TIME=22:20:00,DATE=29/04/2026",normal
29/04/2026,22:22:00,28,26.84,63,1015.05,0,"PM25=28,T=26.84,H=63.00,P=1015.05,UV=0.00,TIME=22:22:00,DATE=29/04/2026",normal
29/04/2026,22:24:01,28,26.81,63.13,1015.08,0,"PM25=28,T=26.81,H=63.13,P=1015.08,UV=0.00,TIME=22:24:01,DATE=29/04/2026",normal
29/04/2026,22:26:01,30,26.91,63.03,1015.12,0,"PM25=30,T=26.91,H=63.03,P=1015.12,UV=0.00,TIME=22:26:01,DATE=29/04/2026",normal
29/04/2026,22:28:02,31,26.73,62.77,1015.13,0,"PM25=31,T=26.73,H=62.77,P=1015.13,UV=0.00,TIME=22:28:02,DATE=29/04/2026",normal
29/04/2026,22:30:02,28,26.87,62.72,1015.16,0,"PM25=28,T=26.87,H=62.72,P=1015.16,UV=0.00,TIME=22:30:02,DATE=29/04/2026",normal
29/04/2026,22:32:03,26,26.79,62.76,1015.16,0,"PM25=26,T=26.79,H=62.76,P=1015.16,UV=0.00,TIME=22:32:03,DATE=29/04/2026",normal
29/04/2026,22:34:04,32,26.79,62.89,1015.16,0,"PM25=32,T=26.79,H=62.89,P=1015.16,UV=0.00,TIME=22:34:04,DATE=29/04/2026",normal
29/04/2026,22:36:04,36,26.8,62.86,1015.18,0,"PM25=36,T=26.80,H=62.86,P=1015.18,UV=0.00,TIME=22:36:04,DATE=29/04/2026",normal
29/04/2026,22:38:05,35,26.58,63,1015.21,0,"PM25=35,T=26.58,H=63.00,P=1015.21,UV=0.00,TIME=22:38:05,DATE=29/04/2026",normal
29/04/2026,22:40:05,33,26.65,62.98,1015.21,0,"PM25=33,T=26.65,H=62.98,P=1015.21,UV=0.00,TIME=22:40:05,DATE=29/04/2026",normal
29/04/2026,22:42:06,33,26.62,63.03,1015.27,0,"PM25=33,T=26.62,H=63.03,P=1015.27,UV=0.00,TIME=22:42:06,DATE=29/04/2026",normal
29/04/2026,22:44:06,32,26.61,63.06,1015.32,0,"PM25=32,T=26.61,H=63.06,P=1015.32,UV=0.00,TIME=22:44:06,DATE=29/04/2026",normal
29/04/2026,22:46:07,33,26.79,62.79,1015.3,0,"PM25=33,T=26.79,H=62.79,P=1015.30,UV=0.00,TIME=22:46:07,DATE=29/04/2026",normal
29/04/2026,22:48:08,31,26.9,62.38,1015.26,0,"PM25=31,T=26.90,H=62.38,P=1015.26,UV=0.00,TIME=22:48:08,DATE=29/04/2026",normal
29/04/2026,22:50:08,35,26.81,62.85,1015.24,0,"PM25=35,T=26.81,H=62.85,P=1015.24,UV=0.00,TIME=22:50:08,DATE=29/04/2026",normal
29/04/2026,22:52:09,33,26.72,63.02,1015.26,0,"PM25=33,T=26.72,H=63.02,P=1015.26,UV=0.00,TIME=22:52:09,DATE=29/04/2026",normal
29/04/2026,22:54:09,34,26.68,63.44,1015.27,0,"PM25=34,T=26.68,H=63.44,P=1015.27,UV=0.00,TIME=22:54:09,DATE=29/04/2026",normal
29/04/2026,22:56:10,30,26.67,62.88,1015.28,0,"PM25=30,T=26.67,H=62.88,P=1015.28,UV=0.00,TIME=22:56:10,DATE=29/04/2026",normal
29/04/2026,22:58:10,31,26.72,63.12,1015.25,0,"PM25=31,T=26.72,H=63.12,P=1015.25,UV=0.00,TIME=22:58:10,DATE=29/04/2026",normal
29/04/2026,23:00:11,35,26.66,63.24,1015.27,0,"PM25=35,T=26.66,H=63.24,P=1015.27,UV=0.00,TIME=23:00:11,DATE=29/04/2026",normal
29/04/2026,23:02:12,36,26.81,63.17,1015.27,0,"PM25=36,T=26.81,H=63.17,P=1015.27,UV=0.00,TIME=23:02:12,DATE=29/04/2026",normal
29/04/2026,23:04:12,39,26.87,63.34,1015.27,0,"PM25=39,T=26.87,H=63.34,P=1015.27,UV=0.00,TIME=23:04:12,DATE=29/04/2026",normal
29/04/2026,23:06:13,41,26.76,63.39,1015.26,0,"PM25=41,T=26.76,H=63.39,P=1015.26,UV=0.00,TIME=23:06:13,DATE=29/04/2026",normal
29/04/2026,23:08:13,34,26.73,63.58,1015.3,0,"PM25=34,T=26.73,H=63.58,P=1015.30,UV=0.00,TIME=23:08:13,DATE=29/04/2026",normal
29/04/2026,23:10:14,30,26.63,63.78,1015.31,0,"PM25=30,T=26.63,H=63.78,P=1015.31,UV=0.00,TIME=23:10:14,DATE=29/04/2026",normal
29/04/2026,23:12:14,27,26.52,64.11,1015.31,0,"PM25=27,T=26.52,H=64.11,P=1015.31,UV=0.00,TIME=23:12:14,DATE=29/04/2026",normal
29/04/2026,23:14:15,28,26.61,63.6,1015.33,0,"PM25=28,T=26.61,H=63.60,P=1015.33,UV=0.00,TIME=23:14:15,DATE=29/04/2026",normal
29/04/2026,23:16:16,28,26.75,63.64,1015.26,0,"PM25=28,T=26.75,H=63.64,P=1015.26,UV=0.00,TIME=23:16:16,DATE=29/04/2026",normal
29/04/2026,23:18:16,26,26.77,63.5,1015.2,0,"PM25=26,T=26.77,H=63.50,P=1015.20,UV=0.00,TIME=23:18:16,DATE=29/04/2026",normal
29/04/2026,23:20:17,25,26.89,63.51,1015.17,0,"PM25=25,T=26.89,H=63.51,P=1015.17,UV=0.00,TIME=23:20:17,DATE=29/04/2026",normal
29/04/2026,23:22:17,25,26.88,63.29,1015.2,0,"PM25=25,T=26.88,H=63.29,P=1015.20,UV=0.00,TIME=23:22:17,DATE=29/04/2026",normal
29/04/2026,23:24:18,25,26.64,63.81,1015.17,0,"PM25=25,T=26.64,H=63.81,P=1015.17,UV=0.00,TIME=23:24:18,DATE=29/04/2026",normal
29/04/2026,23:26:18,24,26.55,64.37,1015.13,0,"PM25=24,T=26.55,H=64.37,P=1015.13,UV=0.00,TIME=23:26:18,DATE=29/04/2026",normal
29/04/2026,23:28:19,26,26.55,64.16,1015.03,0,"PM25=26,T=26.55,H=64.16,P=1015.03,UV=0.00,TIME=23:28:19,DATE=29/04/2026",normal
29/04/2026,23:30:20,22,26.67,64.03,1015.02,0,"PM25=22,T=26.67,H=64.03,P=1015.02,UV=0.00,TIME=23:30:20,DATE=29/04/2026",normal
29/04/2026,23:32:20,24,26.6,64.19,1015.02,0,"PM25=24,T=26.60,H=64.19,P=1015.02,UV=0.00,TIME=23:32:20,DATE=29/04/2026",normal
29/04/2026,23:34:21,25,26.57,63.92,1014.99,0,"PM25=25,T=26.57,H=63.92,P=1014.99,UV=0.00,TIME=23:34:21,DATE=29/04/2026",normal
29/04/2026,23:36:21,24,26.66,63.64,1014.97,0,"PM25=24,T=26.66,H=63.64,P=1014.97,UV=0.00,TIME=23:36:21,DATE=29/04/2026",normal
29/04/2026,23:38:22,23,26.4,64.1,1014.95,0,"PM25=23,T=26.40,H=64.10,P=1014.95,UV=0.00,TIME=23:38:22,DATE=29/04/2026",normal
29/04/2026,23:40:22,23,26.41,64.19,1014.92,0,"PM25=23,T=26.41,H=64.19,P=1014.92,UV=0.00,TIME=23:40:22,DATE=29/04/2026",normal
29/04/2026,23:42:23,28,26.41,64.2,1014.88,0,"PM25=28,T=26.41,H=64.20,P=1014.88,UV=0.00,TIME=23:42:23,DATE=29/04/2026",normal
29/04/2026,23:44:24,28,26.43,64.09,1014.88,0,"PM25=28,T=26.43,H=64.09,P=1014.88,UV=0.00,TIME=23:44:24,DATE=29/04/2026",normal
29/04/2026,23:46:24,24,26.51,64.14,1014.92,0,"PM25=24,T=26.51,H=64.14,P=1014.92,UV=0.00,TIME=23:46:24,DATE=29/04/2026",normal
29/04/2026,23:48:25,26,26.44,64.33,1015.02,0,"PM25=26,T=26.44,H=64.33,P=1015.02,UV=0.00,TIME=23:48:25,DATE=29/04/2026",normal
29/04/2026,23:50:25,27,26.51,64.53,1015.01,0,"PM25=27,T=26.51,H=64.53,P=1015.01,UV=0.00,TIME=23:50:25,DATE=29/04/2026",normal
29/04/2026,23:52:26,28,26.46,64.64,1015.07,0,"PM25=28,T=26.46,H=64.64,P=1015.07,UV=0.00,TIME=23:52:26,DATE=29/04/2026",normal
29/04/2026,23:54:26,26,26.35,64.36,1015.07,0,"PM25=26,T=26.35,H=64.36,P=1015.07,UV=0.00,TIME=23:54:26,DATE=29/04/2026",normal
29/04/2026,23:56:27,25,26.32,64.36,1015.11,0,"PM25=25,T=26.32,H=64.36,P=1015.11,UV=0.00,TIME=23:56:27,DATE=29/04/2026",normal
29/04/2026,23:58:28,26,26.25,64.5,1015.13,0,"PM25=26,T=26.25,H=64.50,P=1015.13,UV=0.00,TIME=23:58:28,DATE=29/04/2026",normal
